image_path,label
pokemon_gen8&9/Anokusa/Anokusa_0.jpg,0
pokemon_gen8&9/Anokusa/Anokusa_1.jpg,0
pokemon_gen8&9/Anokusa/Anokusa_10.jpg,0
pokemon_gen8&9/Anokusa/Anokusa_11.jpg,0
pokemon_gen8&9/Anokusa/Anokusa_12.jpg,0
pokemon_gen8&9/Anokusa/Anokusa_13.jpg,0
pokemon_gen8&9/Anokusa/Anokusa_14.jpg,0
pokemon_gen8&9/Anokusa/Anokusa_15.jpg,0
pokemon_gen8&9/Anokusa/Anokusa_16.jpg,0
pokemon_gen8&9/Anokusa/Anokusa_17.jpg,0
pokemon_gen8&9/Anokusa/Anokusa_18.jpg,0
pokemon_gen8&9/Anokusa/Anokusa_19.jpg,0
pokemon_gen8&9/Anokusa/Anokusa_2.jpg,0
pokemon_gen8&9/Anokusa/Anokusa_20.jpg,0
pokemon_gen8&9/Anokusa/Anokusa_21.jpg,0
pokemon_gen8&9/Anokusa/Anokusa_22.jpg,0
pokemon_gen8&9/Anokusa/Anokusa_23.jpg,0
pokemon_gen8&9/Anokusa/Anokusa_24.jpg,0
pokemon_gen8&9/Anokusa/Anokusa_25.jpg,0
pokemon_gen8&9/Anokusa/Anokusa_26.jpg,0
pokemon_gen8&9/Anokusa/Anokusa_27.jpg,0
pokemon_gen8&9/Anokusa/Anokusa_28.jpg,0
pokemon_gen8&9/Anokusa/Anokusa_29.jpg,0
pokemon_gen8&9/Anokusa/Anokusa_3.jpg,0
pokemon_gen8&9/Anokusa/Anokusa_30.jpg,0
pokemon_gen8&9/Anokusa/Anokusa_31.jpg,0
pokemon_gen8&9/Anokusa/Anokusa_32.jpg,0
pokemon_gen8&9/Anokusa/Anokusa_33.jpg,0
pokemon_gen8&9/Anokusa/Anokusa_34.jpg,0
pokemon_gen8&9/Anokusa/Anokusa_35.jpg,0
pokemon_gen8&9/Anokusa/Anokusa_36.jpg,0
pokemon_gen8&9/Anokusa/Anokusa_37.jpg,0
pokemon_gen8&9/Anokusa/Anokusa_38.jpg,0
pokemon_gen8&9/Anokusa/Anokusa_39.jpg,0
pokemon_gen8&9/Anokusa/Anokusa_4.jpg,0
pokemon_gen8&9/Anokusa/Anokusa_40.jpg,0
pokemon_gen8&9/Anokusa/Anokusa_41.jpg,0
pokemon_gen8&9/Anokusa/Anokusa_42.jpg,0
pokemon_gen8&9/Anokusa/Anokusa_43.jpg,0
pokemon_gen8&9/Anokusa/Anokusa_44.jpg,0
pokemon_gen8&9/Anokusa/Anokusa_45.jpg,0
pokemon_gen8&9/Anokusa/Anokusa_46.jpg,0
pokemon_gen8&9/Anokusa/Anokusa_47.jpg,0
pokemon_gen8&9/Anokusa/Anokusa_48.jpg,0
pokemon_gen8&9/Anokusa/Anokusa_49.jpg,0
pokemon_gen8&9/Anokusa/Anokusa_5.jpg,0
pokemon_gen8&9/Anokusa/Anokusa_50.jpg,0
pokemon_gen8&9/Anokusa/Anokusa_51.jpg,0
pokemon_gen8&9/Anokusa/Anokusa_52.jpg,0
pokemon_gen8&9/Anokusa/Anokusa_53.jpg,0
pokemon_gen8&9/Anokusa/Anokusa_54.jpg,0
pokemon_gen8&9/Anokusa/Anokusa_55.jpg,0
pokemon_gen8&9/Anokusa/Anokusa_56.jpg,0
pokemon_gen8&9/Anokusa/Anokusa_57.jpg,0
pokemon_gen8&9/Anokusa/Anokusa_58.jpg,0
pokemon_gen8&9/Anokusa/Anokusa_59.jpg,0
pokemon_gen8&9/Anokusa/Anokusa_6.jpg,0
pokemon_gen8&9/Anokusa/Anokusa_60.jpg,0
pokemon_gen8&9/Anokusa/Anokusa_61.jpg,0
pokemon_gen8&9/Anokusa/Anokusa_62.jpg,0
pokemon_gen8&9/Anokusa/Anokusa_63.jpg,0
pokemon_gen8&9/Anokusa/Anokusa_64.jpg,0
pokemon_gen8&9/Anokusa/Anokusa_65.jpg,0
pokemon_gen8&9/Anokusa/Anokusa_66.jpg,0
pokemon_gen8&9/Anokusa/Anokusa_67.jpg,0
pokemon_gen8&9/Anokusa/Anokusa_68.jpg,0
pokemon_gen8&9/Anokusa/Anokusa_69.jpg,0
pokemon_gen8&9/Anokusa/Anokusa_7.jpg,0
pokemon_gen8&9/Anokusa/Anokusa_70.jpg,0
pokemon_gen8&9/Anokusa/Anokusa_71.jpg,0
pokemon_gen8&9/Anokusa/Anokusa_72.jpg,0
pokemon_gen8&9/Anokusa/Anokusa_73.jpg,0
pokemon_gen8&9/Doo/Doo_0.jpg,1
pokemon_gen8&9/Doo/Doo_1.jpg,1
pokemon_gen8&9/Doo/Doo_10.jpg,1
pokemon_gen8&9/Doo/Doo_11.jpg,1
pokemon_gen8&9/Doo/Doo_12.jpg,1
pokemon_gen8&9/Doo/Doo_13.jpg,1
pokemon_gen8&9/Doo/Doo_14.jpg,1
pokemon_gen8&9/Doo/Doo_15.jpg,1
pokemon_gen8&9/Doo/Doo_16.jpg,1
pokemon_gen8&9/Doo/Doo_17.jpg,1
pokemon_gen8&9/Doo/Doo_18.jpg,1
pokemon_gen8&9/Doo/Doo_19.jpg,1
pokemon_gen8&9/Doo/Doo_2.jpg,1
pokemon_gen8&9/Doo/Doo_20.jpg,1
pokemon_gen8&9/Doo/Doo_21.jpg,1
pokemon_gen8&9/Doo/Doo_22.jpg,1
pokemon_gen8&9/Doo/Doo_23.jpg,1
pokemon_gen8&9/Doo/Doo_24.jpg,1
pokemon_gen8&9/Doo/Doo_25.jpg,1
pokemon_gen8&9/Doo/Doo_26.jpg,1
pokemon_gen8&9/Doo/Doo_27.jpg,1
pokemon_gen8&9/Doo/Doo_28.jpg,1
pokemon_gen8&9/Doo/Doo_29.jpg,1
pokemon_gen8&9/Doo/Doo_3.jpg,1
pokemon_gen8&9/Doo/Doo_30.jpg,1
pokemon_gen8&9/Doo/Doo_31.jpg,1
pokemon_gen8&9/Doo/Doo_32.jpg,1
pokemon_gen8&9/Doo/Doo_33.jpg,1
pokemon_gen8&9/Doo/Doo_34.jpg,1
pokemon_gen8&9/Doo/Doo_35.jpg,1
pokemon_gen8&9/Doo/Doo_36.jpg,1
pokemon_gen8&9/Doo/Doo_37.jpg,1
pokemon_gen8&9/Doo/Doo_38.jpg,1
pokemon_gen8&9/Doo/Doo_39.jpg,1
pokemon_gen8&9/Doo/Doo_4.jpg,1
pokemon_gen8&9/Doo/Doo_40.jpg,1
pokemon_gen8&9/Doo/Doo_41.jpg,1
pokemon_gen8&9/Doo/Doo_42.jpg,1
pokemon_gen8&9/Doo/Doo_43.jpg,1
pokemon_gen8&9/Doo/Doo_44.jpg,1
pokemon_gen8&9/Doo/Doo_45.jpg,1
pokemon_gen8&9/Doo/Doo_46.jpg,1
pokemon_gen8&9/Doo/Doo_47.jpg,1
pokemon_gen8&9/Doo/Doo_48.jpg,1
pokemon_gen8&9/Doo/Doo_49.jpg,1
pokemon_gen8&9/Doo/Doo_5.jpg,1
pokemon_gen8&9/Doo/Doo_50.jpg,1
pokemon_gen8&9/Doo/Doo_51.jpg,1
pokemon_gen8&9/Doo/Doo_52.jpg,1
pokemon_gen8&9/Doo/Doo_53.jpg,1
pokemon_gen8&9/Doo/Doo_54.jpg,1
pokemon_gen8&9/Doo/Doo_55.jpg,1
pokemon_gen8&9/Doo/Doo_56.jpg,1
pokemon_gen8&9/Doo/Doo_57.jpg,1
pokemon_gen8&9/Doo/Doo_58.jpg,1
pokemon_gen8&9/Doo/Doo_59.jpg,1
pokemon_gen8&9/Doo/Doo_6.jpg,1
pokemon_gen8&9/Doo/Doo_60.jpg,1
pokemon_gen8&9/Doo/Doo_61.jpg,1
pokemon_gen8&9/Doo/Doo_62.jpg,1
pokemon_gen8&9/Doo/Doo_63.jpg,1
pokemon_gen8&9/Doo/Doo_64.jpg,1
pokemon_gen8&9/Doo/Doo_65.jpg,1
pokemon_gen8&9/Doo/Doo_66.jpg,1
pokemon_gen8&9/Doo/Doo_67.jpg,1
pokemon_gen8&9/Doo/Doo_68.jpg,1
pokemon_gen8&9/Doo/Doo_69.jpg,1
pokemon_gen8&9/Doo/Doo_7.jpg,1
pokemon_gen8&9/Doo/Doo_70.jpg,1
pokemon_gen8&9/Doo/Doo_71.jpg,1
pokemon_gen8&9/Doo/Doo_72.jpg,1
pokemon_gen8&9/Doo/Doo_73.jpg,1
pokemon_gen8&9/Doo/Doo_74.jpg,1
pokemon_gen8&9/Doo/Doo_75.jpg,1
pokemon_gen8&9/Doo/Doo_76.jpg,1
pokemon_gen8&9/Doo/Doo_77.jpg,1
pokemon_gen8&9/Doo/Doo_78.jpg,1
pokemon_gen8&9/Doo/Doo_79.jpg,1
pokemon_gen8&9/Doo/Doo_8.jpg,1
pokemon_gen8&9/Doo/Doo_80.jpg,1
pokemon_gen8&9/Gakegani/Gakegani_0.jpg,2
pokemon_gen8&9/Gakegani/Gakegani_1.jpg,2
pokemon_gen8&9/Gakegani/Gakegani_10.jpg,2
pokemon_gen8&9/Gakegani/Gakegani_11.jpg,2
pokemon_gen8&9/Gakegani/Gakegani_12.jpg,2
pokemon_gen8&9/Gakegani/Gakegani_13.jpg,2
pokemon_gen8&9/Gakegani/Gakegani_14.jpg,2
pokemon_gen8&9/Gakegani/Gakegani_15.jpg,2
pokemon_gen8&9/Gakegani/Gakegani_16.jpg,2
pokemon_gen8&9/Gakegani/Gakegani_17.jpg,2
pokemon_gen8&9/Gakegani/Gakegani_18.jpg,2
pokemon_gen8&9/Gakegani/Gakegani_19.jpg,2
pokemon_gen8&9/Gakegani/Gakegani_2.jpg,2
pokemon_gen8&9/Gakegani/Gakegani_20.jpg,2
pokemon_gen8&9/Gakegani/Gakegani_21.jpg,2
pokemon_gen8&9/Gakegani/Gakegani_22.jpg,2
pokemon_gen8&9/Gakegani/Gakegani_23.jpg,2
pokemon_gen8&9/Gakegani/Gakegani_24.jpg,2
pokemon_gen8&9/Gakegani/Gakegani_25.jpg,2
pokemon_gen8&9/Gakegani/Gakegani_26.jpg,2
pokemon_gen8&9/Gakegani/Gakegani_27.jpg,2
pokemon_gen8&9/Gakegani/Gakegani_28.jpg,2
pokemon_gen8&9/Gakegani/Gakegani_29.jpg,2
pokemon_gen8&9/Gakegani/Gakegani_3.jpg,2
pokemon_gen8&9/Gakegani/Gakegani_30.jpg,2
pokemon_gen8&9/Gakegani/Gakegani_31.jpg,2
pokemon_gen8&9/Gakegani/Gakegani_32.jpg,2
pokemon_gen8&9/Gakegani/Gakegani_33.jpg,2
pokemon_gen8&9/Gakegani/Gakegani_34.jpg,2
pokemon_gen8&9/Gakegani/Gakegani_35.jpg,2
pokemon_gen8&9/Gakegani/Gakegani_36.jpg,2
pokemon_gen8&9/Gakegani/Gakegani_37.jpg,2
pokemon_gen8&9/Gakegani/Gakegani_38.jpg,2
pokemon_gen8&9/Gakegani/Gakegani_39.jpg,2
pokemon_gen8&9/Gakegani/Gakegani_4.jpg,2
pokemon_gen8&9/Gakegani/Gakegani_40.jpg,2
pokemon_gen8&9/Gakegani/Gakegani_41.jpg,2
pokemon_gen8&9/Gakegani/Gakegani_42.jpg,2
pokemon_gen8&9/Gakegani/Gakegani_43.jpg,2
pokemon_gen8&9/Gakegani/Gakegani_44.jpg,2
pokemon_gen8&9/Gakegani/Gakegani_45.jpg,2
pokemon_gen8&9/Gakegani/Gakegani_46.jpg,2
pokemon_gen8&9/Gakegani/Gakegani_47.jpg,2
pokemon_gen8&9/Gakegani/Gakegani_48.jpg,2
pokemon_gen8&9/Gakegani/Gakegani_49.jpg,2
pokemon_gen8&9/Gakegani/Gakegani_5.jpg,2
pokemon_gen8&9/Gakegani/Gakegani_50.jpg,2
pokemon_gen8&9/Gakegani/Gakegani_51.jpg,2
pokemon_gen8&9/Guruton/Guruton_0.jpg,3
pokemon_gen8&9/Guruton/Guruton_1.jpg,3
pokemon_gen8&9/Guruton/Guruton_10.jpg,3
pokemon_gen8&9/Guruton/Guruton_11.jpg,3
pokemon_gen8&9/Guruton/Guruton_12.jpg,3
pokemon_gen8&9/Guruton/Guruton_13.jpg,3
pokemon_gen8&9/Guruton/Guruton_14.jpg,3
pokemon_gen8&9/Guruton/Guruton_15.jpg,3
pokemon_gen8&9/Guruton/Guruton_16.jpg,3
pokemon_gen8&9/Guruton/Guruton_17.jpg,3
pokemon_gen8&9/Guruton/Guruton_18.jpg,3
pokemon_gen8&9/Guruton/Guruton_19.jpg,3
pokemon_gen8&9/Guruton/Guruton_2.jpg,3
pokemon_gen8&9/Guruton/Guruton_20.jpg,3
pokemon_gen8&9/Guruton/Guruton_21.jpg,3
pokemon_gen8&9/Guruton/Guruton_22.jpg,3
pokemon_gen8&9/Guruton/Guruton_23.jpg,3
pokemon_gen8&9/Guruton/Guruton_24.jpg,3
pokemon_gen8&9/Guruton/Guruton_25.jpg,3
pokemon_gen8&9/Guruton/Guruton_26.jpg,3
pokemon_gen8&9/Guruton/Guruton_27.jpg,3
pokemon_gen8&9/Guruton/Guruton_28.jpg,3
pokemon_gen8&9/Guruton/Guruton_29.jpg,3
pokemon_gen8&9/Guruton/Guruton_3.jpg,3
pokemon_gen8&9/Guruton/Guruton_30.jpg,3
pokemon_gen8&9/Guruton/Guruton_31.jpg,3
pokemon_gen8&9/Guruton/Guruton_32.jpg,3
pokemon_gen8&9/Guruton/Guruton_33.jpg,3
pokemon_gen8&9/Guruton/Guruton_34.jpg,3
pokemon_gen8&9/Guruton/Guruton_35.jpg,3
pokemon_gen8&9/Guruton/Guruton_36.jpg,3
pokemon_gen8&9/Guruton/Guruton_37.jpg,3
pokemon_gen8&9/Guruton/Guruton_38.jpg,3
pokemon_gen8&9/Guruton/Guruton_39.jpg,3
pokemon_gen8&9/Guruton/Guruton_4.jpg,3
pokemon_gen8&9/Guruton/Guruton_40.jpg,3
pokemon_gen8&9/Guruton/Guruton_41.jpg,3
pokemon_gen8&9/Guruton/Guruton_42.jpg,3
pokemon_gen8&9/Guruton/Guruton_43.jpg,3
pokemon_gen8&9/Guruton/Guruton_44.jpg,3
pokemon_gen8&9/Guruton/Guruton_45.jpg,3
pokemon_gen8&9/Guruton/Guruton_46.jpg,3
pokemon_gen8&9/Guruton/Guruton_47.jpg,3
pokemon_gen8&9/Guruton/Guruton_48.jpg,3
pokemon_gen8&9/Guruton/Guruton_49.jpg,3
pokemon_gen8&9/Guruton/Guruton_5.jpg,3
pokemon_gen8&9/Guruton/Guruton_50.jpg,3
pokemon_gen8&9/Guruton/Guruton_51.jpg,3
pokemon_gen8&9/Guruton/Guruton_52.jpg,3
pokemon_gen8&9/Guruton/Guruton_53.jpg,3
pokemon_gen8&9/Guruton/Guruton_54.jpg,3
pokemon_gen8&9/Guruton/Guruton_55.jpg,3
pokemon_gen8&9/Guruton/Guruton_56.jpg,3
pokemon_gen8&9/Guruton/Guruton_57.jpg,3
pokemon_gen8&9/Harabari/Harabari_0.jpg,4
pokemon_gen8&9/Harabari/Harabari_1.jpg,4
pokemon_gen8&9/Harabari/Harabari_10.jpg,4
pokemon_gen8&9/Harabari/Harabari_100.jpg,4
pokemon_gen8&9/Harabari/Harabari_101.jpg,4
pokemon_gen8&9/Harabari/Harabari_102.jpg,4
pokemon_gen8&9/Harabari/Harabari_103.jpg,4
pokemon_gen8&9/Harabari/Harabari_104.jpg,4
pokemon_gen8&9/Harabari/Harabari_105.jpg,4
pokemon_gen8&9/Harabari/Harabari_106.jpg,4
pokemon_gen8&9/Harabari/Harabari_107.jpg,4
pokemon_gen8&9/Harabari/Harabari_108.jpg,4
pokemon_gen8&9/Harabari/Harabari_109.jpg,4
pokemon_gen8&9/Harabari/Harabari_11.jpg,4
pokemon_gen8&9/Harabari/Harabari_12.jpg,4
pokemon_gen8&9/Harabari/Harabari_13.jpg,4
pokemon_gen8&9/Harabari/Harabari_14.jpg,4
pokemon_gen8&9/Harabari/Harabari_15.jpg,4
pokemon_gen8&9/Harabari/Harabari_16.jpg,4
pokemon_gen8&9/Harabari/Harabari_17.jpg,4
pokemon_gen8&9/Harabari/Harabari_18.jpg,4
pokemon_gen8&9/Harabari/Harabari_19.jpg,4
pokemon_gen8&9/Harabari/Harabari_2.jpg,4
pokemon_gen8&9/Harabari/Harabari_20.jpg,4
pokemon_gen8&9/Harabari/Harabari_21.jpg,4
pokemon_gen8&9/Harabari/Harabari_22.jpg,4
pokemon_gen8&9/Harabari/Harabari_23.jpg,4
pokemon_gen8&9/Harabari/Harabari_24.jpg,4
pokemon_gen8&9/Harabari/Harabari_25.jpg,4
pokemon_gen8&9/Harabari/Harabari_26.jpg,4
pokemon_gen8&9/Harabari/Harabari_27.jpg,4
pokemon_gen8&9/Harabari/Harabari_28.jpg,4
pokemon_gen8&9/Harabari/Harabari_29.jpg,4
pokemon_gen8&9/Harabari/Harabari_3.jpg,4
pokemon_gen8&9/Harabari/Harabari_30.jpg,4
pokemon_gen8&9/Harabari/Harabari_31.jpg,4
pokemon_gen8&9/Harabari/Harabari_32.jpg,4
pokemon_gen8&9/Harabari/Harabari_33.jpg,4
pokemon_gen8&9/Harabari/Harabari_34.jpg,4
pokemon_gen8&9/Harabari/Harabari_35.jpg,4
pokemon_gen8&9/Harabari/Harabari_36.jpg,4
pokemon_gen8&9/Harabari/Harabari_37.jpg,4
pokemon_gen8&9/Harabari/Harabari_38.jpg,4
pokemon_gen8&9/Harabari/Harabari_39.jpg,4
pokemon_gen8&9/Harabari/Harabari_4.jpg,4
pokemon_gen8&9/Harabari/Harabari_40.jpg,4
pokemon_gen8&9/Harabari/Harabari_41.jpg,4
pokemon_gen8&9/Harabari/Harabari_42.jpg,4
pokemon_gen8&9/Harabari/Harabari_43.jpg,4
pokemon_gen8&9/Harabari/Harabari_44.jpg,4
pokemon_gen8&9/Harabari/Harabari_45.jpg,4
pokemon_gen8&9/Harabari/Harabari_46.jpg,4
pokemon_gen8&9/Harabari/Harabari_47.jpg,4
pokemon_gen8&9/Harabari/Harabari_48.jpg,4
pokemon_gen8&9/Harabari/Harabari_49.jpg,4
pokemon_gen8&9/Harabari/Harabari_5.jpg,4
pokemon_gen8&9/Harabari/Harabari_50.jpg,4
pokemon_gen8&9/Harabari/Harabari_51.jpg,4
pokemon_gen8&9/Harabari/Harabari_52.jpg,4
pokemon_gen8&9/Harabari/Harabari_53.jpg,4
pokemon_gen8&9/Harabari/Harabari_54.jpg,4
pokemon_gen8&9/Harabari/Harabari_55.jpg,4
pokemon_gen8&9/Harabari/Harabari_56.jpg,4
pokemon_gen8&9/Harabari/Harabari_57.jpg,4
pokemon_gen8&9/Harabari/Harabari_58.jpg,4
pokemon_gen8&9/Harabari/Harabari_59.jpg,4
pokemon_gen8&9/Harabari/Harabari_6.jpg,4
pokemon_gen8&9/Harabari/Harabari_60.jpg,4
pokemon_gen8&9/Harabari/Harabari_61.jpg,4
pokemon_gen8&9/Harabari/Harabari_62.jpg,4
pokemon_gen8&9/Harabari/Harabari_63.jpg,4
pokemon_gen8&9/Harabari/Harabari_64.jpg,4
pokemon_gen8&9/Harabari/Harabari_65.jpg,4
pokemon_gen8&9/Harabari/Harabari_66.jpg,4
pokemon_gen8&9/Harabari/Harabari_67.jpg,4
pokemon_gen8&9/Harabari/Harabari_68.jpg,4
pokemon_gen8&9/Harabari/Harabari_69.jpg,4
pokemon_gen8&9/Harabari/Harabari_7.jpg,4
pokemon_gen8&9/Harabari/Harabari_70.jpg,4
pokemon_gen8&9/Harabari/Harabari_71.jpg,4
pokemon_gen8&9/Harabari/Harabari_72.jpg,4
pokemon_gen8&9/Harabari/Harabari_73.jpg,4
pokemon_gen8&9/Harabari/Harabari_74.jpg,4
pokemon_gen8&9/Harabari/Harabari_75.jpg,4
pokemon_gen8&9/Harabari/Harabari_76.jpg,4
pokemon_gen8&9/Harabari/Harabari_77.jpg,4
pokemon_gen8&9/Harabari/Harabari_78.jpg,4
pokemon_gen8&9/Harabari/Harabari_79.jpg,4
pokemon_gen8&9/Hibani/Hibani_0.jpg,5
pokemon_gen8&9/Hibani/Hibani_1.jpg,5
pokemon_gen8&9/Hibani/Hibani_10.jpg,5
pokemon_gen8&9/Hibani/Hibani_11.jpg,5
pokemon_gen8&9/Hibani/Hibani_12.jpg,5
pokemon_gen8&9/Hibani/Hibani_13.jpg,5
pokemon_gen8&9/Hibani/Hibani_14.jpg,5
pokemon_gen8&9/Hibani/Hibani_15.jpg,5
pokemon_gen8&9/Hibani/Hibani_16.jpg,5
pokemon_gen8&9/Hibani/Hibani_17.jpg,5
pokemon_gen8&9/Hibani/Hibani_18.jpg,5
pokemon_gen8&9/Hibani/Hibani_19.jpg,5
pokemon_gen8&9/Hibani/Hibani_2.jpg,5
pokemon_gen8&9/Hibani/Hibani_20.jpg,5
pokemon_gen8&9/Hibani/Hibani_21.jpg,5
pokemon_gen8&9/Hibani/Hibani_22.jpg,5
pokemon_gen8&9/Hibani/Hibani_23.jpg,5
pokemon_gen8&9/Hibani/Hibani_24.jpg,5
pokemon_gen8&9/Hibani/Hibani_25.jpg,5
pokemon_gen8&9/Hibani/Hibani_26.jpg,5
pokemon_gen8&9/Hibani/Hibani_27.jpg,5
pokemon_gen8&9/Hibani/Hibani_28.jpg,5
pokemon_gen8&9/Hibani/Hibani_29.jpg,5
pokemon_gen8&9/Hibani/Hibani_3.jpg,5
pokemon_gen8&9/Hibani/Hibani_30.jpg,5
pokemon_gen8&9/Hibani/Hibani_31.jpg,5
pokemon_gen8&9/Hibani/Hibani_32.jpg,5
pokemon_gen8&9/Hibani/Hibani_33.jpg,5
pokemon_gen8&9/Hibani/Hibani_34.jpg,5
pokemon_gen8&9/Hibani/Hibani_35.jpg,5
pokemon_gen8&9/Hibani/Hibani_36.jpg,5
pokemon_gen8&9/Hibani/Hibani_37.jpg,5
pokemon_gen8&9/Hibani/Hibani_38.jpg,5
pokemon_gen8&9/Hibani/Hibani_39.jpg,5
pokemon_gen8&9/Hibani/Hibani_4.jpg,5
pokemon_gen8&9/Hibani/Hibani_40.jpg,5
pokemon_gen8&9/Hibani/Hibani_41.jpg,5
pokemon_gen8&9/Hibani/Hibani_42.jpg,5
pokemon_gen8&9/Hibani/Hibani_43.jpg,5
pokemon_gen8&9/Hibani/Hibani_44.jpg,5
pokemon_gen8&9/Hibani/Hibani_45.jpg,5
pokemon_gen8&9/Hibani/Hibani_46.jpg,5
pokemon_gen8&9/Hibani/Hibani_47.jpg,5
pokemon_gen8&9/Hibani/Hibani_48.jpg,5
pokemon_gen8&9/Hibani/Hibani_49.jpg,5
pokemon_gen8&9/Hibani/Hibani_5.jpg,5
pokemon_gen8&9/Hibani/Hibani_50.jpg,5
pokemon_gen8&9/Hibani/Hibani_51.jpg,5
pokemon_gen8&9/Hibani/Hibani_52.jpg,5
pokemon_gen8&9/Hibani/Hibani_53.jpg,5
pokemon_gen8&9/Hibani/Hibani_54.jpg,5
pokemon_gen8&9/Hibani/Hibani_55.jpg,5
pokemon_gen8&9/Hibani/Hibani_56.jpg,5
pokemon_gen8&9/Hibani/Hibani_57.jpg,5
pokemon_gen8&9/Hibani/Hibani_58.jpg,5
pokemon_gen8&9/Hibani/Hibani_59.jpg,5
pokemon_gen8&9/Hibani/Hibani_6.jpg,5
pokemon_gen8&9/Hibani/Hibani_60.jpg,5
pokemon_gen8&9/Hibani/Hibani_61.jpg,5
pokemon_gen8&9/Hibani/Hibani_62.jpg,5
pokemon_gen8&9/Hibani/Hibani_63.jpg,5
pokemon_gen8&9/Hibani/Hibani_64.jpg,5
pokemon_gen8&9/Hibani/Hibani_65.jpg,5
pokemon_gen8&9/Hibani/Hibani_66.jpg,5
pokemon_gen8&9/Hibani/Hibani_67.jpg,5
pokemon_gen8&9/Hibani/Hibani_68.jpg,5
pokemon_gen8&9/Hibani/Hibani_69.jpg,5
pokemon_gen8&9/Hibani/Hibani_7.jpg,5
pokemon_gen8&9/Hibani/Hibani_70.jpg,5
pokemon_gen8&9/Hibani/Hibani_71.jpg,5
pokemon_gen8&9/Hibani/Hibani_72.jpg,5
pokemon_gen8&9/Hibani/Hibani_73.jpg,5
pokemon_gen8&9/Hibani/Hibani_74.jpg,5
pokemon_gen8&9/Hibani/Hibani_75.jpg,5
pokemon_gen8&9/Hibani/Hibani_76.jpg,5
pokemon_gen8&9/Hibani/Hibani_77.jpg,5
pokemon_gen8&9/Hibani/Hibani_78.jpg,5
pokemon_gen8&9/Hibani/Hibani_79.jpg,5
pokemon_gen8&9/Hibani/Hibani_8.jpg,5
pokemon_gen8&9/Hibani/Hibani_80.jpg,5
pokemon_gen8&9/Hogeta/Hogeta_0.jpg,6
pokemon_gen8&9/Hogeta/Hogeta_1.jpg,6
pokemon_gen8&9/Hogeta/Hogeta_10.jpg,6
pokemon_gen8&9/Hogeta/Hogeta_100.jpg,6
pokemon_gen8&9/Hogeta/Hogeta_101.jpg,6
pokemon_gen8&9/Hogeta/Hogeta_102.jpg,6
pokemon_gen8&9/Hogeta/Hogeta_103.jpg,6
pokemon_gen8&9/Hogeta/Hogeta_104.jpg,6
pokemon_gen8&9/Hogeta/Hogeta_105.jpg,6
pokemon_gen8&9/Hogeta/Hogeta_106.jpg,6
pokemon_gen8&9/Hogeta/Hogeta_107.jpg,6
pokemon_gen8&9/Hogeta/Hogeta_108.jpg,6
pokemon_gen8&9/Hogeta/Hogeta_109.jpg,6
pokemon_gen8&9/Hogeta/Hogeta_11.jpg,6
pokemon_gen8&9/Hogeta/Hogeta_110.jpg,6
pokemon_gen8&9/Hogeta/Hogeta_111.jpg,6
pokemon_gen8&9/Hogeta/Hogeta_112.jpg,6
pokemon_gen8&9/Hogeta/Hogeta_113.jpg,6
pokemon_gen8&9/Hogeta/Hogeta_114.jpg,6
pokemon_gen8&9/Hogeta/Hogeta_115.jpg,6
pokemon_gen8&9/Hogeta/Hogeta_116.jpg,6
pokemon_gen8&9/Hogeta/Hogeta_117.jpg,6
pokemon_gen8&9/Hogeta/Hogeta_118.jpg,6
pokemon_gen8&9/Hogeta/Hogeta_119.jpg,6
pokemon_gen8&9/Hogeta/Hogeta_12.jpg,6
pokemon_gen8&9/Hogeta/Hogeta_120.jpg,6
pokemon_gen8&9/Hogeta/Hogeta_121.jpg,6
pokemon_gen8&9/Hogeta/Hogeta_122.jpg,6
pokemon_gen8&9/Hogeta/Hogeta_123.jpg,6
pokemon_gen8&9/Hogeta/Hogeta_124.jpg,6
pokemon_gen8&9/Hogeta/Hogeta_125.jpg,6
pokemon_gen8&9/Hogeta/Hogeta_126.jpg,6
pokemon_gen8&9/Hogeta/Hogeta_127.jpg,6
pokemon_gen8&9/Hogeta/Hogeta_128.jpg,6
pokemon_gen8&9/Hogeta/Hogeta_129.jpg,6
pokemon_gen8&9/Hogeta/Hogeta_13.jpg,6
pokemon_gen8&9/Hogeta/Hogeta_130.jpg,6
pokemon_gen8&9/Hogeta/Hogeta_131.jpg,6
pokemon_gen8&9/Hogeta/Hogeta_132.jpg,6
pokemon_gen8&9/Hogeta/Hogeta_133.jpg,6
pokemon_gen8&9/Hogeta/Hogeta_134.jpg,6
pokemon_gen8&9/Hogeta/Hogeta_135.jpg,6
pokemon_gen8&9/Hogeta/Hogeta_136.jpg,6
pokemon_gen8&9/Hogeta/Hogeta_137.jpg,6
pokemon_gen8&9/Hogeta/Hogeta_138.jpg,6
pokemon_gen8&9/Hogeta/Hogeta_139.jpg,6
pokemon_gen8&9/Hogeta/Hogeta_14.jpg,6
pokemon_gen8&9/Hogeta/Hogeta_140.jpg,6
pokemon_gen8&9/Hogeta/Hogeta_15.jpg,6
pokemon_gen8&9/Hogeta/Hogeta_16.jpg,6
pokemon_gen8&9/Hogeta/Hogeta_17.jpg,6
pokemon_gen8&9/Hogeta/Hogeta_18.jpg,6
pokemon_gen8&9/Hogeta/Hogeta_19.jpg,6
pokemon_gen8&9/Hogeta/Hogeta_2.jpg,6
pokemon_gen8&9/Hogeta/Hogeta_20.jpg,6
pokemon_gen8&9/Hogeta/Hogeta_21.jpg,6
pokemon_gen8&9/Hogeta/Hogeta_22.jpg,6
pokemon_gen8&9/Hogeta/Hogeta_23.jpg,6
pokemon_gen8&9/Hogeta/Hogeta_24.jpg,6
pokemon_gen8&9/Hogeta/Hogeta_25.jpg,6
pokemon_gen8&9/Hogeta/Hogeta_26.jpg,6
pokemon_gen8&9/Hogeta/Hogeta_27.jpg,6
pokemon_gen8&9/Hogeta/Hogeta_28.jpg,6
pokemon_gen8&9/Hogeta/Hogeta_29.jpg,6
pokemon_gen8&9/Hogeta/Hogeta_3.jpg,6
pokemon_gen8&9/Hogeta/Hogeta_30.jpg,6
pokemon_gen8&9/Hogeta/Hogeta_31.jpg,6
pokemon_gen8&9/Hogeta/Hogeta_32.jpg,6
pokemon_gen8&9/Hogeta/Hogeta_33.jpg,6
pokemon_gen8&9/Hogeta/Hogeta_34.jpg,6
pokemon_gen8&9/Hogeta/Hogeta_35.jpg,6
pokemon_gen8&9/Hogeta/Hogeta_36.jpg,6
pokemon_gen8&9/Hogeta/Hogeta_37.jpg,6
pokemon_gen8&9/Hogeta/Hogeta_38.jpg,6
pokemon_gen8&9/Hogeta/Hogeta_39.jpg,6
pokemon_gen8&9/Hogeta/Hogeta_4.jpg,6
pokemon_gen8&9/Hogeta/Hogeta_40.jpg,6
pokemon_gen8&9/Hogeta/Hogeta_41.jpg,6
pokemon_gen8&9/Hogeta/Hogeta_42.jpg,6
pokemon_gen8&9/Hogeta/Hogeta_43.jpg,6
pokemon_gen8&9/Hogeta/Hogeta_44.jpg,6
pokemon_gen8&9/Hogeta/Hogeta_45.jpg,6
pokemon_gen8&9/Hogeta/Hogeta_46.jpg,6
pokemon_gen8&9/Hogeta/Hogeta_47.jpg,6
pokemon_gen8&9/Hogeta/Hogeta_48.jpg,6
pokemon_gen8&9/Hogeta/Hogeta_49.jpg,6
pokemon_gen8&9/Hogeta/Hogeta_5.jpg,6
pokemon_gen8&9/Hogeta/Hogeta_50.jpg,6
pokemon_gen8&9/Hogeta/Hogeta_51.jpg,6
pokemon_gen8&9/Hogeta/Hogeta_52.jpg,6
pokemon_gen8&9/Hogeta/Hogeta_53.jpg,6
pokemon_gen8&9/Hogeta/Hogeta_54.jpg,6
pokemon_gen8&9/Hogeta/Hogeta_55.jpg,6
pokemon_gen8&9/Hogeta/Hogeta_56.jpg,6
pokemon_gen8&9/Hogeta/Hogeta_57.jpg,6
pokemon_gen8&9/Hogeta/Hogeta_58.jpg,6
pokemon_gen8&9/Hogeta/Hogeta_59.jpg,6
pokemon_gen8&9/Hogeta/Hogeta_6.jpg,6
pokemon_gen8&9/Hogeta/Hogeta_60.jpg,6
pokemon_gen8&9/Hogeta/Hogeta_61.jpg,6
pokemon_gen8&9/Hogeta/Hogeta_62.jpg,6
pokemon_gen8&9/Hogeta/Hogeta_63.jpg,6
pokemon_gen8&9/Hogeta/Hogeta_64.jpg,6
pokemon_gen8&9/Hogeta/Hogeta_65.jpg,6
pokemon_gen8&9/Hogeta/Hogeta_66.jpg,6
pokemon_gen8&9/Hogeta/Hogeta_67.jpg,6
pokemon_gen8&9/Hogeta/Hogeta_68.jpg,6
pokemon_gen8&9/Hogeta/Hogeta_69.jpg,6
pokemon_gen8&9/Hoshigarisu/Hoshigarisu_0.jpg,7
pokemon_gen8&9/Hoshigarisu/Hoshigarisu_1.jpg,7
pokemon_gen8&9/Hoshigarisu/Hoshigarisu_10.jpg,7
pokemon_gen8&9/Hoshigarisu/Hoshigarisu_100.jpg,7
pokemon_gen8&9/Hoshigarisu/Hoshigarisu_101.jpg,7
pokemon_gen8&9/Hoshigarisu/Hoshigarisu_102.jpg,7
pokemon_gen8&9/Hoshigarisu/Hoshigarisu_103.jpg,7
pokemon_gen8&9/Hoshigarisu/Hoshigarisu_104.jpg,7
pokemon_gen8&9/Hoshigarisu/Hoshigarisu_105.jpg,7
pokemon_gen8&9/Hoshigarisu/Hoshigarisu_106.jpg,7
pokemon_gen8&9/Hoshigarisu/Hoshigarisu_107.jpg,7
pokemon_gen8&9/Hoshigarisu/Hoshigarisu_108.jpg,7
pokemon_gen8&9/Hoshigarisu/Hoshigarisu_109.jpg,7
pokemon_gen8&9/Hoshigarisu/Hoshigarisu_11.jpg,7
pokemon_gen8&9/Hoshigarisu/Hoshigarisu_110.jpg,7
pokemon_gen8&9/Hoshigarisu/Hoshigarisu_111.jpg,7
pokemon_gen8&9/Hoshigarisu/Hoshigarisu_112.jpg,7
pokemon_gen8&9/Hoshigarisu/Hoshigarisu_113.jpg,7
pokemon_gen8&9/Hoshigarisu/Hoshigarisu_114.jpg,7
pokemon_gen8&9/Hoshigarisu/Hoshigarisu_115.jpg,7
pokemon_gen8&9/Hoshigarisu/Hoshigarisu_12.jpg,7
pokemon_gen8&9/Hoshigarisu/Hoshigarisu_13.jpg,7
pokemon_gen8&9/Hoshigarisu/Hoshigarisu_14.jpg,7
pokemon_gen8&9/Hoshigarisu/Hoshigarisu_15.jpg,7
pokemon_gen8&9/Hoshigarisu/Hoshigarisu_16.jpg,7
pokemon_gen8&9/Hoshigarisu/Hoshigarisu_17.jpg,7
pokemon_gen8&9/Hoshigarisu/Hoshigarisu_18.jpg,7
pokemon_gen8&9/Hoshigarisu/Hoshigarisu_19.jpg,7
pokemon_gen8&9/Hoshigarisu/Hoshigarisu_2.jpg,7
pokemon_gen8&9/Hoshigarisu/Hoshigarisu_20.jpg,7
pokemon_gen8&9/Hoshigarisu/Hoshigarisu_21.jpg,7
pokemon_gen8&9/Hoshigarisu/Hoshigarisu_22.jpg,7
pokemon_gen8&9/Hoshigarisu/Hoshigarisu_23.jpg,7
pokemon_gen8&9/Hoshigarisu/Hoshigarisu_24.jpg,7
pokemon_gen8&9/Hoshigarisu/Hoshigarisu_25.jpg,7
pokemon_gen8&9/Hoshigarisu/Hoshigarisu_26.jpg,7
pokemon_gen8&9/Hoshigarisu/Hoshigarisu_27.jpg,7
pokemon_gen8&9/Hoshigarisu/Hoshigarisu_28.jpg,7
pokemon_gen8&9/Hoshigarisu/Hoshigarisu_29.jpg,7
pokemon_gen8&9/Hoshigarisu/Hoshigarisu_3.jpg,7
pokemon_gen8&9/Hoshigarisu/Hoshigarisu_30.jpg,7
pokemon_gen8&9/Hoshigarisu/Hoshigarisu_31.jpg,7
pokemon_gen8&9/Hoshigarisu/Hoshigarisu_32.jpg,7
pokemon_gen8&9/Hoshigarisu/Hoshigarisu_33.jpg,7
pokemon_gen8&9/Hoshigarisu/Hoshigarisu_34.jpg,7
pokemon_gen8&9/Hoshigarisu/Hoshigarisu_35.jpg,7
pokemon_gen8&9/Hoshigarisu/Hoshigarisu_36.jpg,7
pokemon_gen8&9/Hoshigarisu/Hoshigarisu_37.jpg,7
pokemon_gen8&9/Hoshigarisu/Hoshigarisu_38.jpg,7
pokemon_gen8&9/Hoshigarisu/Hoshigarisu_39.jpg,7
pokemon_gen8&9/Hoshigarisu/Hoshigarisu_4.jpg,7
pokemon_gen8&9/Hoshigarisu/Hoshigarisu_40.jpg,7
pokemon_gen8&9/Hoshigarisu/Hoshigarisu_41.jpg,7
pokemon_gen8&9/Hoshigarisu/Hoshigarisu_42.jpg,7
pokemon_gen8&9/Hoshigarisu/Hoshigarisu_43.jpg,7
pokemon_gen8&9/Hoshigarisu/Hoshigarisu_44.jpg,7
pokemon_gen8&9/Hoshigarisu/Hoshigarisu_45.jpg,7
pokemon_gen8&9/Hoshigarisu/Hoshigarisu_46.jpg,7
pokemon_gen8&9/Hoshigarisu/Hoshigarisu_47.jpg,7
pokemon_gen8&9/Hoshigarisu/Hoshigarisu_48.jpg,7
pokemon_gen8&9/Hoshigarisu/Hoshigarisu_49.jpg,7
pokemon_gen8&9/Hoshigarisu/Hoshigarisu_5.jpg,7
pokemon_gen8&9/Hoshigarisu/Hoshigarisu_50.jpg,7
pokemon_gen8&9/Hoshigarisu/Hoshigarisu_51.jpg,7
pokemon_gen8&9/Hoshigarisu/Hoshigarisu_52.jpg,7
pokemon_gen8&9/Hoshigarisu/Hoshigarisu_53.jpg,7
pokemon_gen8&9/Hoshigarisu/Hoshigarisu_54.jpg,7
pokemon_gen8&9/Hoshigarisu/Hoshigarisu_55.jpg,7
pokemon_gen8&9/Hoshigarisu/Hoshigarisu_56.jpg,7
pokemon_gen8&9/Hoshigarisu/Hoshigarisu_57.jpg,7
pokemon_gen8&9/Hoshigarisu/Hoshigarisu_58.jpg,7
pokemon_gen8&9/Hoshigarisu/Hoshigarisu_59.jpg,7
pokemon_gen8&9/Hoshigarisu/Hoshigarisu_6.jpg,7
pokemon_gen8&9/Hoshigarisu/Hoshigarisu_60.jpg,7
pokemon_gen8&9/Hoshigarisu/Hoshigarisu_61.jpg,7
pokemon_gen8&9/Hoshigarisu/Hoshigarisu_62.jpg,7
pokemon_gen8&9/Hoshigarisu/Hoshigarisu_63.jpg,7
pokemon_gen8&9/Hoshigarisu/Hoshigarisu_64.jpg,7
pokemon_gen8&9/Hoshigarisu/Hoshigarisu_65.jpg,7
pokemon_gen8&9/Hoshigarisu/Hoshigarisu_66.jpg,7
pokemon_gen8&9/Hoshigarisu/Hoshigarisu_67.jpg,7
pokemon_gen8&9/Hoshigarisu/Hoshigarisu_68.jpg,7
pokemon_gen8&9/Hoshigarisu/Hoshigarisu_69.jpg,7
pokemon_gen8&9/Hoshigarisu/Hoshigarisu_7.jpg,7
pokemon_gen8&9/Hoshigarisu/Hoshigarisu_70.jpg,7
pokemon_gen8&9/Hoshigarisu/Hoshigarisu_71.jpg,7
pokemon_gen8&9/Hoshigarisu/Hoshigarisu_72.jpg,7
pokemon_gen8&9/Hoshigarisu/Hoshigarisu_73.jpg,7
pokemon_gen8&9/Hoshigarisu/Hoshigarisu_74.jpg,7
pokemon_gen8&9/Hoshigarisu/Hoshigarisu_75.jpg,7
pokemon_gen8&9/Hoshigarisu/Hoshigarisu_76.jpg,7
pokemon_gen8&9/Hoshigarisu/Hoshigarisu_77.jpg,7
pokemon_gen8&9/Ikirinko/Ikirinko_0.jpg,8
pokemon_gen8&9/Ikirinko/Ikirinko_1.jpg,8
pokemon_gen8&9/Ikirinko/Ikirinko_10.jpg,8
pokemon_gen8&9/Ikirinko/Ikirinko_100.jpg,8
pokemon_gen8&9/Ikirinko/Ikirinko_101.jpg,8
pokemon_gen8&9/Ikirinko/Ikirinko_102.jpg,8
pokemon_gen8&9/Ikirinko/Ikirinko_103.jpg,8
pokemon_gen8&9/Ikirinko/Ikirinko_104.jpg,8
pokemon_gen8&9/Ikirinko/Ikirinko_105.jpg,8
pokemon_gen8&9/Ikirinko/Ikirinko_106.jpg,8
pokemon_gen8&9/Ikirinko/Ikirinko_107.jpg,8
pokemon_gen8&9/Ikirinko/Ikirinko_11.jpg,8
pokemon_gen8&9/Ikirinko/Ikirinko_12.jpg,8
pokemon_gen8&9/Ikirinko/Ikirinko_13.jpg,8
pokemon_gen8&9/Ikirinko/Ikirinko_14.jpg,8
pokemon_gen8&9/Ikirinko/Ikirinko_15.jpg,8
pokemon_gen8&9/Ikirinko/Ikirinko_16.jpg,8
pokemon_gen8&9/Ikirinko/Ikirinko_17.jpg,8
pokemon_gen8&9/Ikirinko/Ikirinko_18.jpg,8
pokemon_gen8&9/Ikirinko/Ikirinko_19.jpg,8
pokemon_gen8&9/Ikirinko/Ikirinko_2.jpg,8
pokemon_gen8&9/Ikirinko/Ikirinko_20.jpg,8
pokemon_gen8&9/Ikirinko/Ikirinko_21.jpg,8
pokemon_gen8&9/Ikirinko/Ikirinko_22.jpg,8
pokemon_gen8&9/Ikirinko/Ikirinko_23.jpg,8
pokemon_gen8&9/Ikirinko/Ikirinko_24.jpg,8
pokemon_gen8&9/Ikirinko/Ikirinko_25.jpg,8
pokemon_gen8&9/Ikirinko/Ikirinko_26.jpg,8
pokemon_gen8&9/Ikirinko/Ikirinko_27.jpg,8
pokemon_gen8&9/Ikirinko/Ikirinko_28.jpg,8
pokemon_gen8&9/Ikirinko/Ikirinko_29.jpg,8
pokemon_gen8&9/Ikirinko/Ikirinko_3.jpg,8
pokemon_gen8&9/Ikirinko/Ikirinko_30.jpg,8
pokemon_gen8&9/Ikirinko/Ikirinko_31.jpg,8
pokemon_gen8&9/Ikirinko/Ikirinko_32.jpg,8
pokemon_gen8&9/Ikirinko/Ikirinko_33.jpg,8
pokemon_gen8&9/Ikirinko/Ikirinko_34.jpg,8
pokemon_gen8&9/Ikirinko/Ikirinko_35.jpg,8
pokemon_gen8&9/Ikirinko/Ikirinko_36.jpg,8
pokemon_gen8&9/Ikirinko/Ikirinko_37.jpg,8
pokemon_gen8&9/Ikirinko/Ikirinko_38.jpg,8
pokemon_gen8&9/Ikirinko/Ikirinko_39.jpg,8
pokemon_gen8&9/Ikirinko/Ikirinko_4.jpg,8
pokemon_gen8&9/Ikirinko/Ikirinko_40.jpg,8
pokemon_gen8&9/Ikirinko/Ikirinko_41.jpg,8
pokemon_gen8&9/Ikirinko/Ikirinko_42.jpg,8
pokemon_gen8&9/Ikirinko/Ikirinko_43.jpg,8
pokemon_gen8&9/Ikirinko/Ikirinko_44.jpg,8
pokemon_gen8&9/Ikirinko/Ikirinko_45.jpg,8
pokemon_gen8&9/Ikirinko/Ikirinko_46.jpg,8
pokemon_gen8&9/Ikirinko/Ikirinko_47.jpg,8
pokemon_gen8&9/Ikirinko/Ikirinko_48.jpg,8
pokemon_gen8&9/Ikirinko/Ikirinko_49.jpg,8
pokemon_gen8&9/Ikirinko/Ikirinko_5.jpg,8
pokemon_gen8&9/Ikirinko/Ikirinko_50.jpg,8
pokemon_gen8&9/Ikirinko/Ikirinko_51.jpg,8
pokemon_gen8&9/Ikirinko/Ikirinko_52.jpg,8
pokemon_gen8&9/Ikirinko/Ikirinko_53.jpg,8
pokemon_gen8&9/Ikirinko/Ikirinko_54.jpg,8
pokemon_gen8&9/Ikirinko/Ikirinko_55.jpg,8
pokemon_gen8&9/Ikirinko/Ikirinko_56.jpg,8
pokemon_gen8&9/Ikirinko/Ikirinko_57.jpg,8
pokemon_gen8&9/Ikirinko/Ikirinko_58.jpg,8
pokemon_gen8&9/Ikirinko/Ikirinko_59.jpg,8
pokemon_gen8&9/Ikirinko/Ikirinko_6.jpg,8
pokemon_gen8&9/Ikirinko/Ikirinko_60.jpg,8
pokemon_gen8&9/Ikirinko/Ikirinko_61.jpg,8
pokemon_gen8&9/Ikirinko/Ikirinko_62.jpg,8
pokemon_gen8&9/Ikirinko/Ikirinko_63.jpg,8
pokemon_gen8&9/Ikirinko/Ikirinko_64.jpg,8
pokemon_gen8&9/Ikirinko/Ikirinko_65.jpg,8
pokemon_gen8&9/Ikirinko/Ikirinko_66.jpg,8
pokemon_gen8&9/Ikirinko/Ikirinko_67.jpg,8
pokemon_gen8&9/Ikirinko/Ikirinko_68.jpg,8
pokemon_gen8&9/Ikirinko/Ikirinko_69.jpg,8
pokemon_gen8&9/Ikirinko/Ikirinko_7.jpg,8
pokemon_gen8&9/Ikirinko/Ikirinko_70.jpg,8
pokemon_gen8&9/Ikirinko/Ikirinko_71.jpg,8
pokemon_gen8&9/Ikirinko/Ikirinko_72.jpg,8
pokemon_gen8&9/Ikirinko/Ikirinko_73.jpg,8
pokemon_gen8&9/Ikirinko/Ikirinko_74.jpg,8
pokemon_gen8&9/Ikirinko/Ikirinko_75.jpg,8
pokemon_gen8&9/Ikirinko/Ikirinko_76.jpg,8
pokemon_gen8&9/Ikirinko/Ikirinko_77.jpg,8
pokemon_gen8&9/Ikirinko/Ikirinko_78.jpg,8
pokemon_gen8&9/Ikirinko/Ikirinko_79.jpg,8
pokemon_gen8&9/Irukaman/Irukaman_0.jpg,9
pokemon_gen8&9/Irukaman/Irukaman_1.jpg,9
pokemon_gen8&9/Irukaman/Irukaman_10.jpg,9
pokemon_gen8&9/Irukaman/Irukaman_100.jpg,9
pokemon_gen8&9/Irukaman/Irukaman_101.jpg,9
pokemon_gen8&9/Irukaman/Irukaman_102.jpg,9
pokemon_gen8&9/Irukaman/Irukaman_103.jpg,9
pokemon_gen8&9/Irukaman/Irukaman_104.jpg,9
pokemon_gen8&9/Irukaman/Irukaman_105.jpg,9
pokemon_gen8&9/Irukaman/Irukaman_106.jpg,9
pokemon_gen8&9/Irukaman/Irukaman_107.jpg,9
pokemon_gen8&9/Irukaman/Irukaman_108.jpg,9
pokemon_gen8&9/Irukaman/Irukaman_109.jpg,9
pokemon_gen8&9/Irukaman/Irukaman_11.jpg,9
pokemon_gen8&9/Irukaman/Irukaman_110.jpg,9
pokemon_gen8&9/Irukaman/Irukaman_111.jpg,9
pokemon_gen8&9/Irukaman/Irukaman_112.jpg,9
pokemon_gen8&9/Irukaman/Irukaman_113.jpg,9
pokemon_gen8&9/Irukaman/Irukaman_114.jpg,9
pokemon_gen8&9/Irukaman/Irukaman_115.jpg,9
pokemon_gen8&9/Irukaman/Irukaman_116.jpg,9
pokemon_gen8&9/Irukaman/Irukaman_117.jpg,9
pokemon_gen8&9/Irukaman/Irukaman_118.jpg,9
pokemon_gen8&9/Irukaman/Irukaman_119.jpg,9
pokemon_gen8&9/Irukaman/Irukaman_12.jpg,9
pokemon_gen8&9/Irukaman/Irukaman_120.jpg,9
pokemon_gen8&9/Irukaman/Irukaman_121.jpg,9
pokemon_gen8&9/Irukaman/Irukaman_122.jpg,9
pokemon_gen8&9/Irukaman/Irukaman_123.jpg,9
pokemon_gen8&9/Irukaman/Irukaman_124.jpg,9
pokemon_gen8&9/Irukaman/Irukaman_125.jpg,9
pokemon_gen8&9/Irukaman/Irukaman_126.jpg,9
pokemon_gen8&9/Irukaman/Irukaman_127.jpg,9
pokemon_gen8&9/Irukaman/Irukaman_128.jpg,9
pokemon_gen8&9/Irukaman/Irukaman_129.jpg,9
pokemon_gen8&9/Irukaman/Irukaman_13.jpg,9
pokemon_gen8&9/Irukaman/Irukaman_130.jpg,9
pokemon_gen8&9/Irukaman/Irukaman_131.jpg,9
pokemon_gen8&9/Irukaman/Irukaman_132.jpg,9
pokemon_gen8&9/Irukaman/Irukaman_133.jpg,9
pokemon_gen8&9/Irukaman/Irukaman_134.jpg,9
pokemon_gen8&9/Irukaman/Irukaman_14.jpg,9
pokemon_gen8&9/Irukaman/Irukaman_15.jpg,9
pokemon_gen8&9/Irukaman/Irukaman_16.jpg,9
pokemon_gen8&9/Irukaman/Irukaman_17.jpg,9
pokemon_gen8&9/Irukaman/Irukaman_18.jpg,9
pokemon_gen8&9/Irukaman/Irukaman_19.jpg,9
pokemon_gen8&9/Irukaman/Irukaman_2.jpg,9
pokemon_gen8&9/Irukaman/Irukaman_20.jpg,9
pokemon_gen8&9/Irukaman/Irukaman_21.jpg,9
pokemon_gen8&9/Irukaman/Irukaman_22.jpg,9
pokemon_gen8&9/Irukaman/Irukaman_23.jpg,9
pokemon_gen8&9/Irukaman/Irukaman_24.jpg,9
pokemon_gen8&9/Irukaman/Irukaman_25.jpg,9
pokemon_gen8&9/Irukaman/Irukaman_26.jpg,9
pokemon_gen8&9/Irukaman/Irukaman_27.jpg,9
pokemon_gen8&9/Irukaman/Irukaman_28.jpg,9
pokemon_gen8&9/Irukaman/Irukaman_29.jpg,9
pokemon_gen8&9/Irukaman/Irukaman_3.jpg,9
pokemon_gen8&9/Irukaman/Irukaman_30.jpg,9
pokemon_gen8&9/Irukaman/Irukaman_31.jpg,9
pokemon_gen8&9/Irukaman/Irukaman_32.jpg,9
pokemon_gen8&9/Irukaman/Irukaman_33.jpg,9
pokemon_gen8&9/Irukaman/Irukaman_34.jpg,9
pokemon_gen8&9/Irukaman/Irukaman_35.jpg,9
pokemon_gen8&9/Irukaman/Irukaman_36.jpg,9
pokemon_gen8&9/Irukaman/Irukaman_37.jpg,9
pokemon_gen8&9/Irukaman/Irukaman_38.jpg,9
pokemon_gen8&9/Irukaman/Irukaman_39.jpg,9
pokemon_gen8&9/Irukaman/Irukaman_4.jpg,9
pokemon_gen8&9/Irukaman/Irukaman_40.jpg,9
pokemon_gen8&9/Irukaman/Irukaman_41.jpg,9
pokemon_gen8&9/Irukaman/Irukaman_42.jpg,9
pokemon_gen8&9/Irukaman/Irukaman_43.jpg,9
pokemon_gen8&9/Irukaman/Irukaman_44.jpg,9
pokemon_gen8&9/Irukaman/Irukaman_45.jpg,9
pokemon_gen8&9/Irukaman/Irukaman_46.jpg,9
pokemon_gen8&9/Irukaman/Irukaman_47.jpg,9
pokemon_gen8&9/Irukaman/Irukaman_48.jpg,9
pokemon_gen8&9/Irukaman/Irukaman_49.jpg,9
pokemon_gen8&9/Irukaman/Irukaman_5.jpg,9
pokemon_gen8&9/Irukaman/Irukaman_50.jpg,9
pokemon_gen8&9/Irukaman/Irukaman_51.jpg,9
pokemon_gen8&9/Irukaman/Irukaman_52.jpg,9
pokemon_gen8&9/Irukaman/Irukaman_53.jpg,9
pokemon_gen8&9/Irukaman/Irukaman_54.jpg,9
pokemon_gen8&9/Irukaman/Irukaman_55.jpg,9
pokemon_gen8&9/Irukaman/Irukaman_56.jpg,9
pokemon_gen8&9/Irukaman/Irukaman_57.jpg,9
pokemon_gen8&9/Irukaman/Irukaman_58.jpg,9
pokemon_gen8&9/Irukaman/Irukaman_59.jpg,9
pokemon_gen8&9/Irukaman/Irukaman_6.jpg,9
pokemon_gen8&9/Irukaman/Irukaman_60.jpg,9
pokemon_gen8&9/Irukaman/Irukaman_61.jpg,9
pokemon_gen8&9/Irukaman/Irukaman_62.jpg,9
pokemon_gen8&9/Irukaman/Irukaman_63.jpg,9
pokemon_gen8&9/Irukaman/Irukaman_64.jpg,9
pokemon_gen8&9/Irukaman/Irukaman_65.jpg,9
pokemon_gen8&9/Irukaman/Irukaman_66.jpg,9
pokemon_gen8&9/Irukaman/Irukaman_67.jpg,9
pokemon_gen8&9/Irukaman/Irukaman_68.jpg,9
pokemon_gen8&9/Irukaman/Irukaman_69.jpg,9
pokemon_gen8&9/Irukaman/Irukaman_7.jpg,9
pokemon_gen8&9/Irukaman/Irukaman_70.jpg,9
pokemon_gen8&9/Irukaman/Irukaman_71.jpg,9
pokemon_gen8&9/Irukaman/Irukaman_72.jpg,9
pokemon_gen8&9/Irukaman/Irukaman_73.jpg,9
pokemon_gen8&9/Irukaman/Irukaman_74.jpg,9
pokemon_gen8&9/Kaiden/Kaiden_0.jpg,10
pokemon_gen8&9/Kaiden/Kaiden_1.jpg,10
pokemon_gen8&9/Kaiden/Kaiden_10.jpg,10
pokemon_gen8&9/Kaiden/Kaiden_100.jpg,10
pokemon_gen8&9/Kaiden/Kaiden_101.jpg,10
pokemon_gen8&9/Kaiden/Kaiden_102.jpg,10
pokemon_gen8&9/Kaiden/Kaiden_103.jpg,10
pokemon_gen8&9/Kaiden/Kaiden_104.jpg,10
pokemon_gen8&9/Kaiden/Kaiden_105.jpg,10
pokemon_gen8&9/Kaiden/Kaiden_106.jpg,10
pokemon_gen8&9/Kaiden/Kaiden_107.jpg,10
pokemon_gen8&9/Kaiden/Kaiden_108.jpg,10
pokemon_gen8&9/Kaiden/Kaiden_109.jpg,10
pokemon_gen8&9/Kaiden/Kaiden_11.jpg,10
pokemon_gen8&9/Kaiden/Kaiden_110.jpg,10
pokemon_gen8&9/Kaiden/Kaiden_111.jpg,10
pokemon_gen8&9/Kaiden/Kaiden_112.jpg,10
pokemon_gen8&9/Kaiden/Kaiden_113.jpg,10
pokemon_gen8&9/Kaiden/Kaiden_114.jpg,10
pokemon_gen8&9/Kaiden/Kaiden_12.jpg,10
pokemon_gen8&9/Kaiden/Kaiden_13.jpg,10
pokemon_gen8&9/Kaiden/Kaiden_14.jpg,10
pokemon_gen8&9/Kaiden/Kaiden_15.jpg,10
pokemon_gen8&9/Kaiden/Kaiden_16.jpg,10
pokemon_gen8&9/Kaiden/Kaiden_17.jpg,10
pokemon_gen8&9/Kaiden/Kaiden_18.jpg,10
pokemon_gen8&9/Kaiden/Kaiden_19.jpg,10
pokemon_gen8&9/Kaiden/Kaiden_2.jpg,10
pokemon_gen8&9/Kaiden/Kaiden_20.jpg,10
pokemon_gen8&9/Kaiden/Kaiden_21.jpg,10
pokemon_gen8&9/Kaiden/Kaiden_22.jpg,10
pokemon_gen8&9/Kaiden/Kaiden_23.jpg,10
pokemon_gen8&9/Kaiden/Kaiden_24.jpg,10
pokemon_gen8&9/Kaiden/Kaiden_25.jpg,10
pokemon_gen8&9/Kaiden/Kaiden_26.jpg,10
pokemon_gen8&9/Kaiden/Kaiden_27.jpg,10
pokemon_gen8&9/Kaiden/Kaiden_28.jpg,10
pokemon_gen8&9/Kaiden/Kaiden_29.jpg,10
pokemon_gen8&9/Kaiden/Kaiden_3.jpg,10
pokemon_gen8&9/Kaiden/Kaiden_30.jpg,10
pokemon_gen8&9/Kaiden/Kaiden_31.jpg,10
pokemon_gen8&9/Kaiden/Kaiden_32.jpg,10
pokemon_gen8&9/Kaiden/Kaiden_33.jpg,10
pokemon_gen8&9/Kaiden/Kaiden_34.jpg,10
pokemon_gen8&9/Kaiden/Kaiden_35.jpg,10
pokemon_gen8&9/Kaiden/Kaiden_36.jpg,10
pokemon_gen8&9/Kaiden/Kaiden_37.jpg,10
pokemon_gen8&9/Kaiden/Kaiden_38.jpg,10
pokemon_gen8&9/Kaiden/Kaiden_39.jpg,10
pokemon_gen8&9/Kaiden/Kaiden_4.jpg,10
pokemon_gen8&9/Kaiden/Kaiden_40.jpg,10
pokemon_gen8&9/Kaiden/Kaiden_41.jpg,10
pokemon_gen8&9/Kaiden/Kaiden_42.jpg,10
pokemon_gen8&9/Kaiden/Kaiden_43.jpg,10
pokemon_gen8&9/Kaiden/Kaiden_44.jpg,10
pokemon_gen8&9/Kaiden/Kaiden_45.jpg,10
pokemon_gen8&9/Kaiden/Kaiden_46.jpg,10
pokemon_gen8&9/Kaiden/Kaiden_47.jpg,10
pokemon_gen8&9/Kaiden/Kaiden_48.jpg,10
pokemon_gen8&9/Kaiden/Kaiden_49.jpg,10
pokemon_gen8&9/Kaiden/Kaiden_5.jpg,10
pokemon_gen8&9/Kaiden/Kaiden_50.jpg,10
pokemon_gen8&9/Kaiden/Kaiden_51.jpg,10
pokemon_gen8&9/Kaiden/Kaiden_52.jpg,10
pokemon_gen8&9/Kaiden/Kaiden_53.jpg,10
pokemon_gen8&9/Kaiden/Kaiden_54.jpg,10
pokemon_gen8&9/Kaiden/Kaiden_55.jpg,10
pokemon_gen8&9/Kaiden/Kaiden_56.jpg,10
pokemon_gen8&9/Kaiden/Kaiden_57.jpg,10
pokemon_gen8&9/Kaiden/Kaiden_58.jpg,10
pokemon_gen8&9/Kaiden/Kaiden_59.jpg,10
pokemon_gen8&9/Kaiden/Kaiden_6.jpg,10
pokemon_gen8&9/Kaiden/Kaiden_60.jpg,10
pokemon_gen8&9/Kaiden/Kaiden_61.jpg,10
pokemon_gen8&9/Kaiden/Kaiden_62.jpg,10
pokemon_gen8&9/Kaiden/Kaiden_63.jpg,10
pokemon_gen8&9/Kaiden/Kaiden_64.jpg,10
pokemon_gen8&9/Kaiden/Kaiden_65.jpg,10
pokemon_gen8&9/Kaiden/Kaiden_66.jpg,10
pokemon_gen8&9/Kaiden/Kaiden_67.jpg,10
pokemon_gen8&9/Kaiden/Kaiden_68.jpg,10
pokemon_gen8&9/Kaiden/Kaiden_69.jpg,10
pokemon_gen8&9/Kaiden/Kaiden_7.jpg,10
pokemon_gen8&9/Kaiden/Kaiden_70.jpg,10
pokemon_gen8&9/Kaiden/Kaiden_71.jpg,10
pokemon_gen8&9/Kaiden/Kaiden_72.jpg,10
pokemon_gen8&9/Kaiden/Kaiden_73.jpg,10
pokemon_gen8&9/Kaiden/Kaiden_74.jpg,10
pokemon_gen8&9/Kaiden/Kaiden_75.jpg,10
pokemon_gen8&9/Kaiden/Kaiden_76.jpg,10
pokemon_gen8&9/Kaiden/Kaiden_77.jpg,10
pokemon_gen8&9/Kaiden/Kaiden_78.jpg,10
pokemon_gen8&9/Kamukame/Kamukame_0.jpg,11
pokemon_gen8&9/Kamukame/Kamukame_1.jpg,11
pokemon_gen8&9/Kamukame/Kamukame_10.jpg,11
pokemon_gen8&9/Kamukame/Kamukame_11.jpg,11
pokemon_gen8&9/Kamukame/Kamukame_12.jpg,11
pokemon_gen8&9/Kamukame/Kamukame_13.jpg,11
pokemon_gen8&9/Kamukame/Kamukame_14.jpg,11
pokemon_gen8&9/Kamukame/Kamukame_15.jpg,11
pokemon_gen8&9/Kamukame/Kamukame_16.jpg,11
pokemon_gen8&9/Kamukame/Kamukame_17.jpg,11
pokemon_gen8&9/Kamukame/Kamukame_18.jpg,11
pokemon_gen8&9/Kamukame/Kamukame_19.jpg,11
pokemon_gen8&9/Kamukame/Kamukame_2.jpg,11
pokemon_gen8&9/Kamukame/Kamukame_20.jpg,11
pokemon_gen8&9/Kamukame/Kamukame_21.jpg,11
pokemon_gen8&9/Kamukame/Kamukame_22.jpg,11
pokemon_gen8&9/Kamukame/Kamukame_23.jpg,11
pokemon_gen8&9/Kamukame/Kamukame_24.jpg,11
pokemon_gen8&9/Kamukame/Kamukame_25.jpg,11
pokemon_gen8&9/Kamukame/Kamukame_26.jpg,11
pokemon_gen8&9/Kamukame/Kamukame_27.jpg,11
pokemon_gen8&9/Kamukame/Kamukame_28.jpg,11
pokemon_gen8&9/Kamukame/Kamukame_29.jpg,11
pokemon_gen8&9/Kamukame/Kamukame_3.jpg,11
pokemon_gen8&9/Kamukame/Kamukame_30.jpg,11
pokemon_gen8&9/Kamukame/Kamukame_31.jpg,11
pokemon_gen8&9/Kamukame/Kamukame_32.jpg,11
pokemon_gen8&9/Kamukame/Kamukame_33.jpg,11
pokemon_gen8&9/Kamukame/Kamukame_34.jpg,11
pokemon_gen8&9/Kamukame/Kamukame_35.jpg,11
pokemon_gen8&9/Kamukame/Kamukame_36.jpg,11
pokemon_gen8&9/Kamukame/Kamukame_37.jpg,11
pokemon_gen8&9/Kamukame/Kamukame_38.jpg,11
pokemon_gen8&9/Kamukame/Kamukame_39.jpg,11
pokemon_gen8&9/Kamukame/Kamukame_4.jpg,11
pokemon_gen8&9/Kamukame/Kamukame_40.jpg,11
pokemon_gen8&9/Kamukame/Kamukame_41.jpg,11
pokemon_gen8&9/Kamukame/Kamukame_42.jpg,11
pokemon_gen8&9/Kamukame/Kamukame_43.jpg,11
pokemon_gen8&9/Kamukame/Kamukame_44.jpg,11
pokemon_gen8&9/Kamukame/Kamukame_45.jpg,11
pokemon_gen8&9/Kamukame/Kamukame_46.jpg,11
pokemon_gen8&9/Kamukame/Kamukame_47.jpg,11
pokemon_gen8&9/Kamukame/Kamukame_48.jpg,11
pokemon_gen8&9/Kamukame/Kamukame_49.jpg,11
pokemon_gen8&9/Kamukame/Kamukame_5.jpg,11
pokemon_gen8&9/Kamukame/Kamukame_50.jpg,11
pokemon_gen8&9/Kamukame/Kamukame_51.jpg,11
pokemon_gen8&9/Kanuchan/Kanuchan_0.jpg,12
pokemon_gen8&9/Kanuchan/Kanuchan_1.jpg,12
pokemon_gen8&9/Kanuchan/Kanuchan_10.jpg,12
pokemon_gen8&9/Kanuchan/Kanuchan_100.jpg,12
pokemon_gen8&9/Kanuchan/Kanuchan_101.jpg,12
pokemon_gen8&9/Kanuchan/Kanuchan_11.jpg,12
pokemon_gen8&9/Kanuchan/Kanuchan_12.jpg,12
pokemon_gen8&9/Kanuchan/Kanuchan_13.jpg,12
pokemon_gen8&9/Kanuchan/Kanuchan_14.jpg,12
pokemon_gen8&9/Kanuchan/Kanuchan_15.jpg,12
pokemon_gen8&9/Kanuchan/Kanuchan_16.jpg,12
pokemon_gen8&9/Kanuchan/Kanuchan_17.jpg,12
pokemon_gen8&9/Kanuchan/Kanuchan_18.jpg,12
pokemon_gen8&9/Kanuchan/Kanuchan_19.jpg,12
pokemon_gen8&9/Kanuchan/Kanuchan_2.jpg,12
pokemon_gen8&9/Kanuchan/Kanuchan_20.jpg,12
pokemon_gen8&9/Kanuchan/Kanuchan_21.jpg,12
pokemon_gen8&9/Kanuchan/Kanuchan_22.jpg,12
pokemon_gen8&9/Kanuchan/Kanuchan_23.jpg,12
pokemon_gen8&9/Kanuchan/Kanuchan_24.jpg,12
pokemon_gen8&9/Kanuchan/Kanuchan_25.jpg,12
pokemon_gen8&9/Kanuchan/Kanuchan_26.jpg,12
pokemon_gen8&9/Kanuchan/Kanuchan_27.jpg,12
pokemon_gen8&9/Kanuchan/Kanuchan_28.jpg,12
pokemon_gen8&9/Kanuchan/Kanuchan_29.jpg,12
pokemon_gen8&9/Kanuchan/Kanuchan_3.jpg,12
pokemon_gen8&9/Kanuchan/Kanuchan_30.jpg,12
pokemon_gen8&9/Kanuchan/Kanuchan_31.jpg,12
pokemon_gen8&9/Kanuchan/Kanuchan_32.jpg,12
pokemon_gen8&9/Kanuchan/Kanuchan_33.jpg,12
pokemon_gen8&9/Kanuchan/Kanuchan_34.jpg,12
pokemon_gen8&9/Kanuchan/Kanuchan_35.jpg,12
pokemon_gen8&9/Kanuchan/Kanuchan_36.jpg,12
pokemon_gen8&9/Kanuchan/Kanuchan_37.jpg,12
pokemon_gen8&9/Kanuchan/Kanuchan_38.jpg,12
pokemon_gen8&9/Kanuchan/Kanuchan_39.jpg,12
pokemon_gen8&9/Kanuchan/Kanuchan_4.jpg,12
pokemon_gen8&9/Kanuchan/Kanuchan_40.jpg,12
pokemon_gen8&9/Kanuchan/Kanuchan_41.jpg,12
pokemon_gen8&9/Kanuchan/Kanuchan_42.jpg,12
pokemon_gen8&9/Kanuchan/Kanuchan_43.jpg,12
pokemon_gen8&9/Kanuchan/Kanuchan_44.jpg,12
pokemon_gen8&9/Kanuchan/Kanuchan_45.jpg,12
pokemon_gen8&9/Kanuchan/Kanuchan_46.jpg,12
pokemon_gen8&9/Kanuchan/Kanuchan_47.jpg,12
pokemon_gen8&9/Kanuchan/Kanuchan_48.jpg,12
pokemon_gen8&9/Kanuchan/Kanuchan_49.jpg,12
pokemon_gen8&9/Kanuchan/Kanuchan_5.jpg,12
pokemon_gen8&9/Kanuchan/Kanuchan_50.jpg,12
pokemon_gen8&9/Kanuchan/Kanuchan_51.jpg,12
pokemon_gen8&9/Kanuchan/Kanuchan_52.jpg,12
pokemon_gen8&9/Kanuchan/Kanuchan_53.jpg,12
pokemon_gen8&9/Kanuchan/Kanuchan_54.jpg,12
pokemon_gen8&9/Kanuchan/Kanuchan_55.jpg,12
pokemon_gen8&9/Kanuchan/Kanuchan_56.jpg,12
pokemon_gen8&9/Kanuchan/Kanuchan_57.jpg,12
pokemon_gen8&9/Kanuchan/Kanuchan_58.jpg,12
pokemon_gen8&9/Kanuchan/Kanuchan_59.jpg,12
pokemon_gen8&9/Kanuchan/Kanuchan_6.jpg,12
pokemon_gen8&9/Kanuchan/Kanuchan_60.jpg,12
pokemon_gen8&9/Kanuchan/Kanuchan_61.jpg,12
pokemon_gen8&9/Kanuchan/Kanuchan_62.jpg,12
pokemon_gen8&9/Kanuchan/Kanuchan_63.jpg,12
pokemon_gen8&9/Kanuchan/Kanuchan_64.jpg,12
pokemon_gen8&9/Kanuchan/Kanuchan_65.jpg,12
pokemon_gen8&9/Kanuchan/Kanuchan_66.jpg,12
pokemon_gen8&9/Kanuchan/Kanuchan_67.jpg,12
pokemon_gen8&9/Kanuchan/Kanuchan_68.jpg,12
pokemon_gen8&9/Kanuchan/Kanuchan_69.jpg,12
pokemon_gen8&9/Kanuchan/Kanuchan_7.jpg,12
pokemon_gen8&9/Kanuchan/Kanuchan_70.jpg,12
pokemon_gen8&9/Kanuchan/Kanuchan_71.jpg,12
pokemon_gen8&9/Kanuchan/Kanuchan_72.jpg,12
pokemon_gen8&9/Kanuchan/Kanuchan_73.jpg,12
pokemon_gen8&9/Kanuchan/Kanuchan_74.jpg,12
pokemon_gen8&9/Kanuchan/Kanuchan_75.jpg,12
pokemon_gen8&9/Kanuchan/Kanuchan_76.jpg,12
pokemon_gen8&9/Kanuchan/Kanuchan_77.jpg,12
pokemon_gen8&9/Kanuchan/Kanuchan_78.jpg,12
pokemon_gen8&9/Kanuchan/Kanuchan_79.jpg,12
pokemon_gen8&9/Kanuchan/Kanuchan_8.jpg,12
pokemon_gen8&9/Kusune/Kusune_0.jpg,13
pokemon_gen8&9/Kusune/Kusune_1.jpg,13
pokemon_gen8&9/Kusune/Kusune_10.jpg,13
pokemon_gen8&9/Kusune/Kusune_11.jpg,13
pokemon_gen8&9/Kusune/Kusune_12.jpg,13
pokemon_gen8&9/Kusune/Kusune_13.jpg,13
pokemon_gen8&9/Kusune/Kusune_14.jpg,13
pokemon_gen8&9/Kusune/Kusune_15.jpg,13
pokemon_gen8&9/Kusune/Kusune_16.jpg,13
pokemon_gen8&9/Kusune/Kusune_17.jpg,13
pokemon_gen8&9/Kusune/Kusune_18.jpg,13
pokemon_gen8&9/Kusune/Kusune_19.jpg,13
pokemon_gen8&9/Kusune/Kusune_2.jpg,13
pokemon_gen8&9/Kusune/Kusune_20.jpg,13
pokemon_gen8&9/Kusune/Kusune_21.jpg,13
pokemon_gen8&9/Kusune/Kusune_22.jpg,13
pokemon_gen8&9/Kusune/Kusune_23.jpg,13
pokemon_gen8&9/Kusune/Kusune_24.jpg,13
pokemon_gen8&9/Kusune/Kusune_25.jpg,13
pokemon_gen8&9/Kusune/Kusune_26.jpg,13
pokemon_gen8&9/Kusune/Kusune_27.jpg,13
pokemon_gen8&9/Kusune/Kusune_28.jpg,13
pokemon_gen8&9/Kusune/Kusune_3.jpg,13
pokemon_gen8&9/Kuwassu/Kuwassu_0.jpg,14
pokemon_gen8&9/Kuwassu/Kuwassu_1.jpg,14
pokemon_gen8&9/Kuwassu/Kuwassu_10.jpg,14
pokemon_gen8&9/Kuwassu/Kuwassu_100.jpg,14
pokemon_gen8&9/Kuwassu/Kuwassu_101.jpg,14
pokemon_gen8&9/Kuwassu/Kuwassu_102.jpg,14
pokemon_gen8&9/Kuwassu/Kuwassu_103.jpg,14
pokemon_gen8&9/Kuwassu/Kuwassu_104.jpg,14
pokemon_gen8&9/Kuwassu/Kuwassu_105.jpg,14
pokemon_gen8&9/Kuwassu/Kuwassu_106.jpg,14
pokemon_gen8&9/Kuwassu/Kuwassu_107.jpg,14
pokemon_gen8&9/Kuwassu/Kuwassu_108.jpg,14
pokemon_gen8&9/Kuwassu/Kuwassu_109.jpg,14
pokemon_gen8&9/Kuwassu/Kuwassu_11.jpg,14
pokemon_gen8&9/Kuwassu/Kuwassu_110.jpg,14
pokemon_gen8&9/Kuwassu/Kuwassu_111.jpg,14
pokemon_gen8&9/Kuwassu/Kuwassu_112.jpg,14
pokemon_gen8&9/Kuwassu/Kuwassu_113.jpg,14
pokemon_gen8&9/Kuwassu/Kuwassu_114.jpg,14
pokemon_gen8&9/Kuwassu/Kuwassu_115.jpg,14
pokemon_gen8&9/Kuwassu/Kuwassu_116.jpg,14
pokemon_gen8&9/Kuwassu/Kuwassu_117.jpg,14
pokemon_gen8&9/Kuwassu/Kuwassu_118.jpg,14
pokemon_gen8&9/Kuwassu/Kuwassu_119.jpg,14
pokemon_gen8&9/Kuwassu/Kuwassu_12.jpg,14
pokemon_gen8&9/Kuwassu/Kuwassu_120.jpg,14
pokemon_gen8&9/Kuwassu/Kuwassu_121.jpg,14
pokemon_gen8&9/Kuwassu/Kuwassu_122.jpg,14
pokemon_gen8&9/Kuwassu/Kuwassu_123.jpg,14
pokemon_gen8&9/Kuwassu/Kuwassu_124.jpg,14
pokemon_gen8&9/Kuwassu/Kuwassu_125.jpg,14
pokemon_gen8&9/Kuwassu/Kuwassu_126.jpg,14
pokemon_gen8&9/Kuwassu/Kuwassu_127.jpg,14
pokemon_gen8&9/Kuwassu/Kuwassu_128.jpg,14
pokemon_gen8&9/Kuwassu/Kuwassu_13.jpg,14
pokemon_gen8&9/Kuwassu/Kuwassu_14.jpg,14
pokemon_gen8&9/Kuwassu/Kuwassu_15.jpg,14
pokemon_gen8&9/Kuwassu/Kuwassu_16.jpg,14
pokemon_gen8&9/Kuwassu/Kuwassu_17.jpg,14
pokemon_gen8&9/Kuwassu/Kuwassu_18.jpg,14
pokemon_gen8&9/Kuwassu/Kuwassu_19.jpg,14
pokemon_gen8&9/Kuwassu/Kuwassu_2.jpg,14
pokemon_gen8&9/Kuwassu/Kuwassu_20.jpg,14
pokemon_gen8&9/Kuwassu/Kuwassu_21.jpg,14
pokemon_gen8&9/Kuwassu/Kuwassu_22.jpg,14
pokemon_gen8&9/Kuwassu/Kuwassu_23.jpg,14
pokemon_gen8&9/Kuwassu/Kuwassu_24.jpg,14
pokemon_gen8&9/Kuwassu/Kuwassu_25.jpg,14
pokemon_gen8&9/Kuwassu/Kuwassu_26.jpg,14
pokemon_gen8&9/Kuwassu/Kuwassu_27.jpg,14
pokemon_gen8&9/Kuwassu/Kuwassu_28.jpg,14
pokemon_gen8&9/Kuwassu/Kuwassu_29.jpg,14
pokemon_gen8&9/Kuwassu/Kuwassu_3.jpg,14
pokemon_gen8&9/Kuwassu/Kuwassu_30.jpg,14
pokemon_gen8&9/Kuwassu/Kuwassu_31.jpg,14
pokemon_gen8&9/Kuwassu/Kuwassu_32.jpg,14
pokemon_gen8&9/Kuwassu/Kuwassu_33.jpg,14
pokemon_gen8&9/Kuwassu/Kuwassu_34.jpg,14
pokemon_gen8&9/Kuwassu/Kuwassu_35.jpg,14
pokemon_gen8&9/Kuwassu/Kuwassu_36.jpg,14
pokemon_gen8&9/Kuwassu/Kuwassu_37.jpg,14
pokemon_gen8&9/Kuwassu/Kuwassu_38.jpg,14
pokemon_gen8&9/Kuwassu/Kuwassu_39.jpg,14
pokemon_gen8&9/Kuwassu/Kuwassu_4.jpg,14
pokemon_gen8&9/Kuwassu/Kuwassu_40.jpg,14
pokemon_gen8&9/Kuwassu/Kuwassu_41.jpg,14
pokemon_gen8&9/Kuwassu/Kuwassu_42.jpg,14
pokemon_gen8&9/Kuwassu/Kuwassu_43.jpg,14
pokemon_gen8&9/Kuwassu/Kuwassu_44.jpg,14
pokemon_gen8&9/Kuwassu/Kuwassu_45.jpg,14
pokemon_gen8&9/Kuwassu/Kuwassu_46.jpg,14
pokemon_gen8&9/Kuwassu/Kuwassu_47.jpg,14
pokemon_gen8&9/Kuwassu/Kuwassu_48.jpg,14
pokemon_gen8&9/Kuwassu/Kuwassu_49.jpg,14
pokemon_gen8&9/Kuwassu/Kuwassu_5.jpg,14
pokemon_gen8&9/Kuwassu/Kuwassu_50.jpg,14
pokemon_gen8&9/Kuwassu/Kuwassu_51.jpg,14
pokemon_gen8&9/Kuwassu/Kuwassu_52.jpg,14
pokemon_gen8&9/Kuwassu/Kuwassu_53.jpg,14
pokemon_gen8&9/Kuwassu/Kuwassu_54.jpg,14
pokemon_gen8&9/Kuwassu/Kuwassu_55.jpg,14
pokemon_gen8&9/Kuwassu/Kuwassu_56.jpg,14
pokemon_gen8&9/Kuwassu/Kuwassu_57.jpg,14
pokemon_gen8&9/Kuwassu/Kuwassu_58.jpg,14
pokemon_gen8&9/Kuwassu/Kuwassu_59.jpg,14
pokemon_gen8&9/Kuwassu/Kuwassu_6.jpg,14
pokemon_gen8&9/Kuwassu/Kuwassu_60.jpg,14
pokemon_gen8&9/Kuwassu/Kuwassu_61.jpg,14
pokemon_gen8&9/Kuwassu/Kuwassu_62.jpg,14
pokemon_gen8&9/Kuwassu/Kuwassu_63.jpg,14
pokemon_gen8&9/Kuwassu/Kuwassu_64.jpg,14
pokemon_gen8&9/Kuwassu/Kuwassu_65.jpg,14
pokemon_gen8&9/Kuwassu/Kuwassu_66.jpg,14
pokemon_gen8&9/Kuwassu/Kuwassu_67.jpg,14
pokemon_gen8&9/Kuwassu/Kuwassu_68.jpg,14
pokemon_gen8&9/Kuwassu/Kuwassu_69.jpg,14
pokemon_gen8&9/Kuwassu/Kuwassu_7.jpg,14
pokemon_gen8&9/Kuwassu/Kuwassu_70.jpg,14
pokemon_gen8&9/Kuwassu/Kuwassu_71.jpg,14
pokemon_gen8&9/Kuwassu/Kuwassu_72.jpg,14
pokemon_gen8&9/Kuwassu/Kuwassu_73.jpg,14
pokemon_gen8&9/Kuwassu/Kuwassu_74.jpg,14
pokemon_gen8&9/Kuwassu/Kuwassu_75.jpg,14
pokemon_gen8&9/Kuwassu/Kuwassu_76.jpg,14
pokemon_gen8&9/Kuwassu/Kuwassu_77.jpg,14
pokemon_gen8&9/Kuwassu/Kuwassu_78.jpg,14
pokemon_gen8&9/Kuwassu/Kuwassu_79.jpg,14
pokemon_gen8&9/Kuwassu/Kuwassu_8.jpg,14
pokemon_gen8&9/Kuwassu/Kuwassu_80.jpg,14
pokemon_gen8&9/Kuwassu/Kuwassu_81.jpg,14
pokemon_gen8&9/Kuwassu/Kuwassu_82.jpg,14
pokemon_gen8&9/Mahoippu/Mahoippu_0.jpg,15
pokemon_gen8&9/Mahoippu/Mahoippu_1.jpg,15
pokemon_gen8&9/Mahoippu/Mahoippu_10.jpg,15
pokemon_gen8&9/Mahoippu/Mahoippu_11.jpg,15
pokemon_gen8&9/Mahoippu/Mahoippu_12.jpg,15
pokemon_gen8&9/Mahoippu/Mahoippu_13.jpg,15
pokemon_gen8&9/Mahoippu/Mahoippu_14.jpg,15
pokemon_gen8&9/Mahoippu/Mahoippu_15.jpg,15
pokemon_gen8&9/Mahoippu/Mahoippu_16.jpg,15
pokemon_gen8&9/Mahoippu/Mahoippu_17.jpg,15
pokemon_gen8&9/Mahoippu/Mahoippu_18.jpg,15
pokemon_gen8&9/Mahoippu/Mahoippu_19.jpg,15
pokemon_gen8&9/Mahoippu/Mahoippu_2.jpg,15
pokemon_gen8&9/Mahoippu/Mahoippu_20.jpg,15
pokemon_gen8&9/Mahoippu/Mahoippu_21.jpg,15
pokemon_gen8&9/Mahoippu/Mahoippu_22.jpg,15
pokemon_gen8&9/Mahoippu/Mahoippu_23.jpg,15
pokemon_gen8&9/Mahoippu/Mahoippu_24.jpg,15
pokemon_gen8&9/Mahoippu/Mahoippu_25.jpg,15
pokemon_gen8&9/Mahoippu/Mahoippu_26.jpg,15
pokemon_gen8&9/Mahoippu/Mahoippu_27.jpg,15
pokemon_gen8&9/Mahoippu/Mahoippu_28.jpg,15
pokemon_gen8&9/Mahoippu/Mahoippu_29.jpg,15
pokemon_gen8&9/Mahoippu/Mahoippu_3.jpg,15
pokemon_gen8&9/Mahoippu/Mahoippu_30.jpg,15
pokemon_gen8&9/Mahoippu/Mahoippu_31.jpg,15
pokemon_gen8&9/Mahoippu/Mahoippu_32.jpg,15
pokemon_gen8&9/Mahoippu/Mahoippu_33.jpg,15
pokemon_gen8&9/Mahoippu/Mahoippu_34.jpg,15
pokemon_gen8&9/Mahoippu/Mahoippu_35.jpg,15
pokemon_gen8&9/Mahoippu/Mahoippu_36.jpg,15
pokemon_gen8&9/Mahoippu/Mahoippu_37.jpg,15
pokemon_gen8&9/Mahoippu/Mahoippu_38.jpg,15
pokemon_gen8&9/Mahoippu/Mahoippu_39.jpg,15
pokemon_gen8&9/Mahoippu/Mahoippu_4.jpg,15
pokemon_gen8&9/Mahoippu/Mahoippu_40.jpg,15
pokemon_gen8&9/Mahoippu/Mahoippu_41.jpg,15
pokemon_gen8&9/Mahoippu/Mahoippu_42.jpg,15
pokemon_gen8&9/Mahoippu/Mahoippu_43.jpg,15
pokemon_gen8&9/Mahoippu/Mahoippu_44.jpg,15
pokemon_gen8&9/Mahoippu/Mahoippu_45.jpg,15
pokemon_gen8&9/Mahoippu/Mahoippu_46.jpg,15
pokemon_gen8&9/Mahoippu/Mahoippu_47.jpg,15
pokemon_gen8&9/Mahoippu/Mahoippu_48.jpg,15
pokemon_gen8&9/Mahoippu/Mahoippu_49.jpg,15
pokemon_gen8&9/Mahoippu/Mahoippu_5.jpg,15
pokemon_gen8&9/Mahoippu/Mahoippu_50.jpg,15
pokemon_gen8&9/Mahoippu/Mahoippu_51.jpg,15
pokemon_gen8&9/Mahoippu/Mahoippu_52.jpg,15
pokemon_gen8&9/Mahoippu/Mahoippu_53.jpg,15
pokemon_gen8&9/Mahoippu/Mahoippu_54.jpg,15
pokemon_gen8&9/Mahoippu/Mahoippu_55.jpg,15
pokemon_gen8&9/Mahoippu/Mahoippu_56.jpg,15
pokemon_gen8&9/Mahoippu/Mahoippu_57.jpg,15
pokemon_gen8&9/Mahoippu/Mahoippu_58.jpg,15
pokemon_gen8&9/Mahoippu/Mahoippu_59.jpg,15
pokemon_gen8&9/Mahoippu/Mahoippu_6.jpg,15
pokemon_gen8&9/Mahoippu/Mahoippu_60.jpg,15
pokemon_gen8&9/Mahoippu/Mahoippu_61.jpg,15
pokemon_gen8&9/Mahoippu/Mahoippu_62.jpg,15
pokemon_gen8&9/Mahoippu/Mahoippu_63.jpg,15
pokemon_gen8&9/Mahoippu/Mahoippu_64.jpg,15
pokemon_gen8&9/Mahoippu/Mahoippu_65.jpg,15
pokemon_gen8&9/Mahoippu/Mahoippu_66.jpg,15
pokemon_gen8&9/Mahoippu/Mahoippu_67.jpg,15
pokemon_gen8&9/Mahoippu/Mahoippu_68.jpg,15
pokemon_gen8&9/Mahoippu/Mahoippu_69.jpg,15
pokemon_gen8&9/Mahoippu/Mahoippu_7.jpg,15
pokemon_gen8&9/Mahoippu/Mahoippu_70.jpg,15
pokemon_gen8&9/Mahoippu/Mahoippu_71.jpg,15
pokemon_gen8&9/Mahoippu/Mahoippu_72.jpg,15
pokemon_gen8&9/Mahoippu/Mahoippu_73.jpg,15
pokemon_gen8&9/Mahoippu/Mahoippu_74.jpg,15
pokemon_gen8&9/Mahoippu/Mahoippu_75.jpg,15
pokemon_gen8&9/Mahoippu/Mahoippu_76.jpg,15
pokemon_gen8&9/Mahoippu/Mahoippu_77.jpg,15
pokemon_gen8&9/Mahoippu/Mahoippu_78.jpg,15
pokemon_gen8&9/Mahoippu/Mahoippu_79.jpg,15
pokemon_gen8&9/Mahoippu/Mahoippu_8.jpg,15
pokemon_gen8&9/Mahoippu/Mahoippu_80.jpg,15
pokemon_gen8&9/Miburimu/Miburimu_0.jpg,16
pokemon_gen8&9/Miburimu/Miburimu_1.jpg,16
pokemon_gen8&9/Miburimu/Miburimu_10.jpg,16
pokemon_gen8&9/Miburimu/Miburimu_100.jpg,16
pokemon_gen8&9/Miburimu/Miburimu_101.jpg,16
pokemon_gen8&9/Miburimu/Miburimu_102.jpg,16
pokemon_gen8&9/Miburimu/Miburimu_103.jpg,16
pokemon_gen8&9/Miburimu/Miburimu_104.jpg,16
pokemon_gen8&9/Miburimu/Miburimu_105.jpg,16
pokemon_gen8&9/Miburimu/Miburimu_106.jpg,16
pokemon_gen8&9/Miburimu/Miburimu_107.jpg,16
pokemon_gen8&9/Miburimu/Miburimu_108.jpg,16
pokemon_gen8&9/Miburimu/Miburimu_109.jpg,16
pokemon_gen8&9/Miburimu/Miburimu_11.jpg,16
pokemon_gen8&9/Miburimu/Miburimu_110.jpg,16
pokemon_gen8&9/Miburimu/Miburimu_111.jpg,16
pokemon_gen8&9/Miburimu/Miburimu_112.jpg,16
pokemon_gen8&9/Miburimu/Miburimu_113.jpg,16
pokemon_gen8&9/Miburimu/Miburimu_114.jpg,16
pokemon_gen8&9/Miburimu/Miburimu_115.jpg,16
pokemon_gen8&9/Miburimu/Miburimu_116.jpg,16
pokemon_gen8&9/Miburimu/Miburimu_117.jpg,16
pokemon_gen8&9/Miburimu/Miburimu_118.jpg,16
pokemon_gen8&9/Miburimu/Miburimu_119.jpg,16
pokemon_gen8&9/Miburimu/Miburimu_12.jpg,16
pokemon_gen8&9/Miburimu/Miburimu_120.jpg,16
pokemon_gen8&9/Miburimu/Miburimu_121.jpg,16
pokemon_gen8&9/Miburimu/Miburimu_122.jpg,16
pokemon_gen8&9/Miburimu/Miburimu_123.jpg,16
pokemon_gen8&9/Miburimu/Miburimu_124.jpg,16
pokemon_gen8&9/Miburimu/Miburimu_125.jpg,16
pokemon_gen8&9/Miburimu/Miburimu_126.jpg,16
pokemon_gen8&9/Miburimu/Miburimu_127.jpg,16
pokemon_gen8&9/Miburimu/Miburimu_13.jpg,16
pokemon_gen8&9/Miburimu/Miburimu_14.jpg,16
pokemon_gen8&9/Miburimu/Miburimu_15.jpg,16
pokemon_gen8&9/Miburimu/Miburimu_16.jpg,16
pokemon_gen8&9/Miburimu/Miburimu_17.jpg,16
pokemon_gen8&9/Miburimu/Miburimu_18.jpg,16
pokemon_gen8&9/Miburimu/Miburimu_19.jpg,16
pokemon_gen8&9/Miburimu/Miburimu_2.jpg,16
pokemon_gen8&9/Miburimu/Miburimu_20.jpg,16
pokemon_gen8&9/Miburimu/Miburimu_21.jpg,16
pokemon_gen8&9/Miburimu/Miburimu_22.jpg,16
pokemon_gen8&9/Miburimu/Miburimu_23.jpg,16
pokemon_gen8&9/Miburimu/Miburimu_24.jpg,16
pokemon_gen8&9/Miburimu/Miburimu_25.jpg,16
pokemon_gen8&9/Miburimu/Miburimu_26.jpg,16
pokemon_gen8&9/Miburimu/Miburimu_27.jpg,16
pokemon_gen8&9/Miburimu/Miburimu_28.jpg,16
pokemon_gen8&9/Miburimu/Miburimu_29.jpg,16
pokemon_gen8&9/Miburimu/Miburimu_3.jpg,16
pokemon_gen8&9/Miburimu/Miburimu_30.jpg,16
pokemon_gen8&9/Miburimu/Miburimu_31.jpg,16
pokemon_gen8&9/Miburimu/Miburimu_32.jpg,16
pokemon_gen8&9/Miburimu/Miburimu_33.jpg,16
pokemon_gen8&9/Miburimu/Miburimu_34.jpg,16
pokemon_gen8&9/Miburimu/Miburimu_35.jpg,16
pokemon_gen8&9/Miburimu/Miburimu_36.jpg,16
pokemon_gen8&9/Miburimu/Miburimu_37.jpg,16
pokemon_gen8&9/Miburimu/Miburimu_38.jpg,16
pokemon_gen8&9/Miburimu/Miburimu_39.jpg,16
pokemon_gen8&9/Miburimu/Miburimu_4.jpg,16
pokemon_gen8&9/Miburimu/Miburimu_40.jpg,16
pokemon_gen8&9/Miburimu/Miburimu_41.jpg,16
pokemon_gen8&9/Miburimu/Miburimu_42.jpg,16
pokemon_gen8&9/Miburimu/Miburimu_43.jpg,16
pokemon_gen8&9/Miburimu/Miburimu_44.jpg,16
pokemon_gen8&9/Miburimu/Miburimu_45.jpg,16
pokemon_gen8&9/Miburimu/Miburimu_46.jpg,16
pokemon_gen8&9/Miburimu/Miburimu_47.jpg,16
pokemon_gen8&9/Miburimu/Miburimu_48.jpg,16
pokemon_gen8&9/Miburimu/Miburimu_49.jpg,16
pokemon_gen8&9/Miburimu/Miburimu_5.jpg,16
pokemon_gen8&9/Miburimu/Miburimu_50.jpg,16
pokemon_gen8&9/Miburimu/Miburimu_51.jpg,16
pokemon_gen8&9/Miburimu/Miburimu_52.jpg,16
pokemon_gen8&9/Miburimu/Miburimu_53.jpg,16
pokemon_gen8&9/Miburimu/Miburimu_54.jpg,16
pokemon_gen8&9/Miburimu/Miburimu_55.jpg,16
pokemon_gen8&9/Miburimu/Miburimu_56.jpg,16
pokemon_gen8&9/Miburimu/Miburimu_57.jpg,16
pokemon_gen8&9/Miburimu/Miburimu_58.jpg,16
pokemon_gen8&9/Miburimu/Miburimu_59.jpg,16
pokemon_gen8&9/Miburimu/Miburimu_6.jpg,16
pokemon_gen8&9/Miburimu/Miburimu_60.jpg,16
pokemon_gen8&9/Miburimu/Miburimu_61.jpg,16
pokemon_gen8&9/Miburimu/Miburimu_62.jpg,16
pokemon_gen8&9/Miburimu/Miburimu_63.jpg,16
pokemon_gen8&9/Miburimu/Miburimu_64.jpg,16
pokemon_gen8&9/Miburimu/Miburimu_65.jpg,16
pokemon_gen8&9/Miburimu/Miburimu_66.jpg,16
pokemon_gen8&9/Miburimu/Miburimu_67.jpg,16
pokemon_gen8&9/Miburimu/Miburimu_68.jpg,16
pokemon_gen8&9/Miburimu/Miburimu_69.jpg,16
pokemon_gen8&9/Miburimu/Miburimu_7.jpg,16
pokemon_gen8&9/Miburimu/Miburimu_70.jpg,16
pokemon_gen8&9/Miburimu/Miburimu_71.jpg,16
pokemon_gen8&9/Miburimu/Miburimu_72.jpg,16
pokemon_gen8&9/Miburimu/Miburimu_73.jpg,16
pokemon_gen8&9/Miburimu/Miburimu_74.jpg,16
pokemon_gen8&9/Miburimu/Miburimu_75.jpg,16
pokemon_gen8&9/Mimizuzu/Mimizuzu_0.jpg,17
pokemon_gen8&9/Mimizuzu/Mimizuzu_1.jpg,17
pokemon_gen8&9/Mimizuzu/Mimizuzu_10.jpg,17
pokemon_gen8&9/Mimizuzu/Mimizuzu_11.jpg,17
pokemon_gen8&9/Mimizuzu/Mimizuzu_12.jpg,17
pokemon_gen8&9/Mimizuzu/Mimizuzu_13.jpg,17
pokemon_gen8&9/Mimizuzu/Mimizuzu_14.jpg,17
pokemon_gen8&9/Mimizuzu/Mimizuzu_15.jpg,17
pokemon_gen8&9/Mimizuzu/Mimizuzu_16.jpg,17
pokemon_gen8&9/Mimizuzu/Mimizuzu_17.jpg,17
pokemon_gen8&9/Mimizuzu/Mimizuzu_18.jpg,17
pokemon_gen8&9/Mimizuzu/Mimizuzu_19.jpg,17
pokemon_gen8&9/Mimizuzu/Mimizuzu_2.jpg,17
pokemon_gen8&9/Mimizuzu/Mimizuzu_20.jpg,17
pokemon_gen8&9/Mimizuzu/Mimizuzu_21.jpg,17
pokemon_gen8&9/Mimizuzu/Mimizuzu_22.jpg,17
pokemon_gen8&9/Mimizuzu/Mimizuzu_23.jpg,17
pokemon_gen8&9/Mimizuzu/Mimizuzu_24.jpg,17
pokemon_gen8&9/Mimizuzu/Mimizuzu_25.jpg,17
pokemon_gen8&9/Mimizuzu/Mimizuzu_26.jpg,17
pokemon_gen8&9/Mimizuzu/Mimizuzu_27.jpg,17
pokemon_gen8&9/Mimizuzu/Mimizuzu_28.jpg,17
pokemon_gen8&9/Mimizuzu/Mimizuzu_29.jpg,17
pokemon_gen8&9/Mimizuzu/Mimizuzu_3.jpg,17
pokemon_gen8&9/Mimizuzu/Mimizuzu_30.jpg,17
pokemon_gen8&9/Mimizuzu/Mimizuzu_31.jpg,17
pokemon_gen8&9/Mimizuzu/Mimizuzu_32.jpg,17
pokemon_gen8&9/Mimizuzu/Mimizuzu_33.jpg,17
pokemon_gen8&9/Mimizuzu/Mimizuzu_34.jpg,17
pokemon_gen8&9/Mimizuzu/Mimizuzu_35.jpg,17
pokemon_gen8&9/Mimizuzu/Mimizuzu_36.jpg,17
pokemon_gen8&9/Mimizuzu/Mimizuzu_37.jpg,17
pokemon_gen8&9/Mimizuzu/Mimizuzu_38.jpg,17
pokemon_gen8&9/Mimizuzu/Mimizuzu_39.jpg,17
pokemon_gen8&9/Mimizuzu/Mimizuzu_4.jpg,17
pokemon_gen8&9/Mimizuzu/Mimizuzu_40.jpg,17
pokemon_gen8&9/Mimizuzu/Mimizuzu_41.jpg,17
pokemon_gen8&9/Mimizuzu/Mimizuzu_42.jpg,17
pokemon_gen8&9/Mimizuzu/Mimizuzu_43.jpg,17
pokemon_gen8&9/Mimizuzu/Mimizuzu_44.jpg,17
pokemon_gen8&9/Mimizuzu/Mimizuzu_45.jpg,17
pokemon_gen8&9/Mimizuzu/Mimizuzu_46.jpg,17
pokemon_gen8&9/Mimizuzu/Mimizuzu_47.jpg,17
pokemon_gen8&9/Mimizuzu/Mimizuzu_48.jpg,17
pokemon_gen8&9/Mimizuzu/Mimizuzu_49.jpg,17
pokemon_gen8&9/Mimizuzu/Mimizuzu_5.jpg,17
pokemon_gen8&9/Mimizuzu/Mimizuzu_50.jpg,17
pokemon_gen8&9/Mimizuzu/Mimizuzu_51.jpg,17
pokemon_gen8&9/Mimizuzu/Mimizuzu_52.jpg,17
pokemon_gen8&9/Mimizuzu/Mimizuzu_53.jpg,17
pokemon_gen8&9/Mimizuzu/Mimizuzu_54.jpg,17
pokemon_gen8&9/Mimizuzu/Mimizuzu_55.jpg,17
pokemon_gen8&9/Mimizuzu/Mimizuzu_56.jpg,17
pokemon_gen8&9/Mimizuzu/Mimizuzu_57.jpg,17
pokemon_gen8&9/Mimizuzu/Mimizuzu_58.jpg,17
pokemon_gen8&9/Mimizuzu/Mimizuzu_59.jpg,17
pokemon_gen8&9/Mimizuzu/Mimizuzu_6.jpg,17
pokemon_gen8&9/Mimizuzu/Mimizuzu_60.jpg,17
pokemon_gen8&9/Mimizuzu/Mimizuzu_61.jpg,17
pokemon_gen8&9/Mimizuzu/Mimizuzu_62.jpg,17
pokemon_gen8&9/Mimizuzu/Mimizuzu_63.jpg,17
pokemon_gen8&9/Mimizuzu/Mimizuzu_64.jpg,17
pokemon_gen8&9/Mimizuzu/Mimizuzu_65.jpg,17
pokemon_gen8&9/Mimizuzu/Mimizuzu_66.jpg,17
pokemon_gen8&9/Mimizuzu/Mimizuzu_67.jpg,17
pokemon_gen8&9/Mimizuzu/Mimizuzu_68.jpg,17
pokemon_gen8&9/Mimizuzu/Mimizuzu_69.jpg,17
pokemon_gen8&9/Mimizuzu/Mimizuzu_7.jpg,17
pokemon_gen8&9/Mimizuzu/Mimizuzu_70.jpg,17
pokemon_gen8&9/Mimizuzu/Mimizuzu_71.jpg,17
pokemon_gen8&9/Mimizuzu/Mimizuzu_72.jpg,17
pokemon_gen8&9/Mimizuzu/Mimizuzu_73.jpg,17
pokemon_gen8&9/Mimizuzu/Mimizuzu_74.jpg,17
pokemon_gen8&9/Mimizuzu/Mimizuzu_75.jpg,17
pokemon_gen8&9/Mimizuzu/Mimizuzu_76.jpg,17
pokemon_gen8&9/Minibu/Minibu_0.jpg,18
pokemon_gen8&9/Minibu/Minibu_1.jpg,18
pokemon_gen8&9/Minibu/Minibu_10.jpg,18
pokemon_gen8&9/Minibu/Minibu_11.jpg,18
pokemon_gen8&9/Minibu/Minibu_12.jpg,18
pokemon_gen8&9/Minibu/Minibu_13.jpg,18
pokemon_gen8&9/Minibu/Minibu_14.jpg,18
pokemon_gen8&9/Minibu/Minibu_15.jpg,18
pokemon_gen8&9/Minibu/Minibu_16.jpg,18
pokemon_gen8&9/Minibu/Minibu_17.jpg,18
pokemon_gen8&9/Minibu/Minibu_18.jpg,18
pokemon_gen8&9/Minibu/Minibu_19.jpg,18
pokemon_gen8&9/Minibu/Minibu_2.jpg,18
pokemon_gen8&9/Minibu/Minibu_20.jpg,18
pokemon_gen8&9/Minibu/Minibu_21.jpg,18
pokemon_gen8&9/Minibu/Minibu_22.jpg,18
pokemon_gen8&9/Minibu/Minibu_23.jpg,18
pokemon_gen8&9/Minibu/Minibu_24.jpg,18
pokemon_gen8&9/Minibu/Minibu_25.jpg,18
pokemon_gen8&9/Minibu/Minibu_26.jpg,18
pokemon_gen8&9/Minibu/Minibu_27.jpg,18
pokemon_gen8&9/Minibu/Minibu_28.jpg,18
pokemon_gen8&9/Minibu/Minibu_29.jpg,18
pokemon_gen8&9/Minibu/Minibu_3.jpg,18
pokemon_gen8&9/Minibu/Minibu_30.jpg,18
pokemon_gen8&9/Minibu/Minibu_31.jpg,18
pokemon_gen8&9/Minibu/Minibu_32.jpg,18
pokemon_gen8&9/Minibu/Minibu_33.jpg,18
pokemon_gen8&9/Minibu/Minibu_34.jpg,18
pokemon_gen8&9/Minibu/Minibu_35.jpg,18
pokemon_gen8&9/Minibu/Minibu_36.jpg,18
pokemon_gen8&9/Minibu/Minibu_37.jpg,18
pokemon_gen8&9/Minibu/Minibu_38.jpg,18
pokemon_gen8&9/Minibu/Minibu_39.jpg,18
pokemon_gen8&9/Minibu/Minibu_4.jpg,18
pokemon_gen8&9/Minibu/Minibu_40.jpg,18
pokemon_gen8&9/Minibu/Minibu_41.jpg,18
pokemon_gen8&9/Minibu/Minibu_42.jpg,18
pokemon_gen8&9/Minibu/Minibu_43.jpg,18
pokemon_gen8&9/Minibu/Minibu_44.jpg,18
pokemon_gen8&9/Minibu/Minibu_45.jpg,18
pokemon_gen8&9/Minibu/Minibu_46.jpg,18
pokemon_gen8&9/Minibu/Minibu_47.jpg,18
pokemon_gen8&9/Morupeko/Morupeko_0.jpg,19
pokemon_gen8&9/Morupeko/Morupeko_1.jpg,19
pokemon_gen8&9/Morupeko/Morupeko_10.jpg,19
pokemon_gen8&9/Morupeko/Morupeko_11.jpg,19
pokemon_gen8&9/Morupeko/Morupeko_12.jpg,19
pokemon_gen8&9/Morupeko/Morupeko_13.jpg,19
pokemon_gen8&9/Morupeko/Morupeko_14.jpg,19
pokemon_gen8&9/Morupeko/Morupeko_15.jpg,19
pokemon_gen8&9/Morupeko/Morupeko_16.jpg,19
pokemon_gen8&9/Morupeko/Morupeko_17.jpg,19
pokemon_gen8&9/Morupeko/Morupeko_18.jpg,19
pokemon_gen8&9/Morupeko/Morupeko_19.jpg,19
pokemon_gen8&9/Morupeko/Morupeko_2.jpg,19
pokemon_gen8&9/Morupeko/Morupeko_20.jpg,19
pokemon_gen8&9/Morupeko/Morupeko_21.jpg,19
pokemon_gen8&9/Morupeko/Morupeko_22.jpg,19
pokemon_gen8&9/Morupeko/Morupeko_23.jpg,19
pokemon_gen8&9/Morupeko/Morupeko_24.jpg,19
pokemon_gen8&9/Morupeko/Morupeko_25.jpg,19
pokemon_gen8&9/Morupeko/Morupeko_26.jpg,19
pokemon_gen8&9/Morupeko/Morupeko_27.jpg,19
pokemon_gen8&9/Morupeko/Morupeko_28.jpg,19
pokemon_gen8&9/Morupeko/Morupeko_29.jpg,19
pokemon_gen8&9/Morupeko/Morupeko_3.jpg,19
pokemon_gen8&9/Morupeko/Morupeko_30.jpg,19
pokemon_gen8&9/Morupeko/Morupeko_31.jpg,19
pokemon_gen8&9/Morupeko/Morupeko_32.jpg,19
pokemon_gen8&9/Morupeko/Morupeko_33.jpg,19
pokemon_gen8&9/Morupeko/Morupeko_34.jpg,19
pokemon_gen8&9/Morupeko/Morupeko_35.jpg,19
pokemon_gen8&9/Morupeko/Morupeko_36.jpg,19
pokemon_gen8&9/Morupeko/Morupeko_37.jpg,19
pokemon_gen8&9/Morupeko/Morupeko_38.jpg,19
pokemon_gen8&9/Morupeko/Morupeko_39.jpg,19
pokemon_gen8&9/Morupeko/Morupeko_4.jpg,19
pokemon_gen8&9/Morupeko/Morupeko_40.jpg,19
pokemon_gen8&9/Morupeko/Morupeko_41.jpg,19
pokemon_gen8&9/Morupeko/Morupeko_42.jpg,19
pokemon_gen8&9/Morupeko/Morupeko_43.jpg,19
pokemon_gen8&9/Morupeko/Morupeko_44.jpg,19
pokemon_gen8&9/Morupeko/Morupeko_45.jpg,19
pokemon_gen8&9/Morupeko/Morupeko_46.jpg,19
pokemon_gen8&9/Morupeko/Morupeko_47.jpg,19
pokemon_gen8&9/Morupeko/Morupeko_48.jpg,19
pokemon_gen8&9/Namiiruka/Namiiruka_0.jpg,20
pokemon_gen8&9/Namiiruka/Namiiruka_1.jpg,20
pokemon_gen8&9/Namiiruka/Namiiruka_10.jpg,20
pokemon_gen8&9/Namiiruka/Namiiruka_11.jpg,20
pokemon_gen8&9/Namiiruka/Namiiruka_12.jpg,20
pokemon_gen8&9/Namiiruka/Namiiruka_13.jpg,20
pokemon_gen8&9/Namiiruka/Namiiruka_14.jpg,20
pokemon_gen8&9/Namiiruka/Namiiruka_15.jpg,20
pokemon_gen8&9/Namiiruka/Namiiruka_16.jpg,20
pokemon_gen8&9/Namiiruka/Namiiruka_17.jpg,20
pokemon_gen8&9/Namiiruka/Namiiruka_18.jpg,20
pokemon_gen8&9/Namiiruka/Namiiruka_19.jpg,20
pokemon_gen8&9/Namiiruka/Namiiruka_2.jpg,20
pokemon_gen8&9/Namiiruka/Namiiruka_20.jpg,20
pokemon_gen8&9/Namiiruka/Namiiruka_21.jpg,20
pokemon_gen8&9/Namiiruka/Namiiruka_22.jpg,20
pokemon_gen8&9/Namiiruka/Namiiruka_23.jpg,20
pokemon_gen8&9/Namiiruka/Namiiruka_24.jpg,20
pokemon_gen8&9/Namiiruka/Namiiruka_25.jpg,20
pokemon_gen8&9/Namiiruka/Namiiruka_26.jpg,20
pokemon_gen8&9/Namiiruka/Namiiruka_27.jpg,20
pokemon_gen8&9/Namiiruka/Namiiruka_28.jpg,20
pokemon_gen8&9/Namiiruka/Namiiruka_29.jpg,20
pokemon_gen8&9/Namiiruka/Namiiruka_3.jpg,20
pokemon_gen8&9/Namiiruka/Namiiruka_30.jpg,20
pokemon_gen8&9/Namiiruka/Namiiruka_31.jpg,20
pokemon_gen8&9/Namiiruka/Namiiruka_32.jpg,20
pokemon_gen8&9/Namiiruka/Namiiruka_33.jpg,20
pokemon_gen8&9/Namiiruka/Namiiruka_34.jpg,20
pokemon_gen8&9/Namiiruka/Namiiruka_35.jpg,20
pokemon_gen8&9/Namiiruka/Namiiruka_36.jpg,20
pokemon_gen8&9/Namiiruka/Namiiruka_37.jpg,20
pokemon_gen8&9/Namiiruka/Namiiruka_38.jpg,20
pokemon_gen8&9/Namiiruka/Namiiruka_39.jpg,20
pokemon_gen8&9/Namiiruka/Namiiruka_4.jpg,20
pokemon_gen8&9/Namiiruka/Namiiruka_40.jpg,20
pokemon_gen8&9/Namiiruka/Namiiruka_41.jpg,20
pokemon_gen8&9/Namiiruka/Namiiruka_42.jpg,20
pokemon_gen8&9/Namiiruka/Namiiruka_43.jpg,20
pokemon_gen8&9/Namiiruka/Namiiruka_44.jpg,20
pokemon_gen8&9/Namiiruka/Namiiruka_45.jpg,20
pokemon_gen8&9/Namiiruka/Namiiruka_46.jpg,20
pokemon_gen8&9/Namiiruka/Namiiruka_47.jpg,20
pokemon_gen8&9/Namiiruka/Namiiruka_48.jpg,20
pokemon_gen8&9/Namiiruka/Namiiruka_49.jpg,20
pokemon_gen8&9/Namiiruka/Namiiruka_5.jpg,20
pokemon_gen8&9/Namiiruka/Namiiruka_50.jpg,20
pokemon_gen8&9/Namiiruka/Namiiruka_51.jpg,20
pokemon_gen8&9/Namiiruka/Namiiruka_52.jpg,20
pokemon_gen8&9/Namiiruka/Namiiruka_53.jpg,20
pokemon_gen8&9/Namiiruka/Namiiruka_54.jpg,20
pokemon_gen8&9/Namiiruka/Namiiruka_55.jpg,20
pokemon_gen8&9/Namiiruka/Namiiruka_56.jpg,20
pokemon_gen8&9/Namiiruka/Namiiruka_57.jpg,20
pokemon_gen8&9/Namiiruka/Namiiruka_58.jpg,20
pokemon_gen8&9/Namiiruka/Namiiruka_59.jpg,20
pokemon_gen8&9/Namiiruka/Namiiruka_6.jpg,20
pokemon_gen8&9/Namiiruka/Namiiruka_60.jpg,20
pokemon_gen8&9/Namiiruka/Namiiruka_61.jpg,20
pokemon_gen8&9/Namiiruka/Namiiruka_62.jpg,20
pokemon_gen8&9/Nyaoha/Nyaoha_0.jpg,21
pokemon_gen8&9/Nyaoha/Nyaoha_1.jpg,21
pokemon_gen8&9/Nyaoha/Nyaoha_10.jpg,21
pokemon_gen8&9/Nyaoha/Nyaoha_100.jpg,21
pokemon_gen8&9/Nyaoha/Nyaoha_101.jpg,21
pokemon_gen8&9/Nyaoha/Nyaoha_102.jpg,21
pokemon_gen8&9/Nyaoha/Nyaoha_103.jpg,21
pokemon_gen8&9/Nyaoha/Nyaoha_104.jpg,21
pokemon_gen8&9/Nyaoha/Nyaoha_105.jpg,21
pokemon_gen8&9/Nyaoha/Nyaoha_106.jpg,21
pokemon_gen8&9/Nyaoha/Nyaoha_107.jpg,21
pokemon_gen8&9/Nyaoha/Nyaoha_108.jpg,21
pokemon_gen8&9/Nyaoha/Nyaoha_109.jpg,21
pokemon_gen8&9/Nyaoha/Nyaoha_11.jpg,21
pokemon_gen8&9/Nyaoha/Nyaoha_110.jpg,21
pokemon_gen8&9/Nyaoha/Nyaoha_111.jpg,21
pokemon_gen8&9/Nyaoha/Nyaoha_112.jpg,21
pokemon_gen8&9/Nyaoha/Nyaoha_113.jpg,21
pokemon_gen8&9/Nyaoha/Nyaoha_114.jpg,21
pokemon_gen8&9/Nyaoha/Nyaoha_115.jpg,21
pokemon_gen8&9/Nyaoha/Nyaoha_116.jpg,21
pokemon_gen8&9/Nyaoha/Nyaoha_117.jpg,21
pokemon_gen8&9/Nyaoha/Nyaoha_118.jpg,21
pokemon_gen8&9/Nyaoha/Nyaoha_119.jpg,21
pokemon_gen8&9/Nyaoha/Nyaoha_12.jpg,21
pokemon_gen8&9/Nyaoha/Nyaoha_120.jpg,21
pokemon_gen8&9/Nyaoha/Nyaoha_121.jpg,21
pokemon_gen8&9/Nyaoha/Nyaoha_122.jpg,21
pokemon_gen8&9/Nyaoha/Nyaoha_123.jpg,21
pokemon_gen8&9/Nyaoha/Nyaoha_13.jpg,21
pokemon_gen8&9/Nyaoha/Nyaoha_14.jpg,21
pokemon_gen8&9/Nyaoha/Nyaoha_15.jpg,21
pokemon_gen8&9/Nyaoha/Nyaoha_16.jpg,21
pokemon_gen8&9/Nyaoha/Nyaoha_17.jpg,21
pokemon_gen8&9/Nyaoha/Nyaoha_18.jpg,21
pokemon_gen8&9/Nyaoha/Nyaoha_19.jpg,21
pokemon_gen8&9/Nyaoha/Nyaoha_2.jpg,21
pokemon_gen8&9/Nyaoha/Nyaoha_20.jpg,21
pokemon_gen8&9/Nyaoha/Nyaoha_21.jpg,21
pokemon_gen8&9/Nyaoha/Nyaoha_22.jpg,21
pokemon_gen8&9/Nyaoha/Nyaoha_23.jpg,21
pokemon_gen8&9/Nyaoha/Nyaoha_24.jpg,21
pokemon_gen8&9/Nyaoha/Nyaoha_25.jpg,21
pokemon_gen8&9/Nyaoha/Nyaoha_26.jpg,21
pokemon_gen8&9/Nyaoha/Nyaoha_27.jpg,21
pokemon_gen8&9/Nyaoha/Nyaoha_28.jpg,21
pokemon_gen8&9/Nyaoha/Nyaoha_29.jpg,21
pokemon_gen8&9/Nyaoha/Nyaoha_3.jpg,21
pokemon_gen8&9/Nyaoha/Nyaoha_30.jpg,21
pokemon_gen8&9/Nyaoha/Nyaoha_31.jpg,21
pokemon_gen8&9/Nyaoha/Nyaoha_32.jpg,21
pokemon_gen8&9/Nyaoha/Nyaoha_33.jpg,21
pokemon_gen8&9/Nyaoha/Nyaoha_34.jpg,21
pokemon_gen8&9/Nyaoha/Nyaoha_35.jpg,21
pokemon_gen8&9/Nyaoha/Nyaoha_36.jpg,21
pokemon_gen8&9/Nyaoha/Nyaoha_37.jpg,21
pokemon_gen8&9/Nyaoha/Nyaoha_38.jpg,21
pokemon_gen8&9/Nyaoha/Nyaoha_39.jpg,21
pokemon_gen8&9/Nyaoha/Nyaoha_4.jpg,21
pokemon_gen8&9/Nyaoha/Nyaoha_40.jpg,21
pokemon_gen8&9/Nyaoha/Nyaoha_41.jpg,21
pokemon_gen8&9/Nyaoha/Nyaoha_42.jpg,21
pokemon_gen8&9/Nyaoha/Nyaoha_43.jpg,21
pokemon_gen8&9/Nyaoha/Nyaoha_44.jpg,21
pokemon_gen8&9/Nyaoha/Nyaoha_45.jpg,21
pokemon_gen8&9/Nyaoha/Nyaoha_46.jpg,21
pokemon_gen8&9/Nyaoha/Nyaoha_47.jpg,21
pokemon_gen8&9/Nyaoha/Nyaoha_48.jpg,21
pokemon_gen8&9/Nyaoha/Nyaoha_49.jpg,21
pokemon_gen8&9/Nyaoha/Nyaoha_5.jpg,21
pokemon_gen8&9/Nyaoha/Nyaoha_50.jpg,21
pokemon_gen8&9/Nyaoha/Nyaoha_51.jpg,21
pokemon_gen8&9/Nyaoha/Nyaoha_52.jpg,21
pokemon_gen8&9/Nyaoha/Nyaoha_53.jpg,21
pokemon_gen8&9/Nyaoha/Nyaoha_54.jpg,21
pokemon_gen8&9/Nyaoha/Nyaoha_55.jpg,21
pokemon_gen8&9/Nyaoha/Nyaoha_56.jpg,21
pokemon_gen8&9/Nyaoha/Nyaoha_57.jpg,21
pokemon_gen8&9/Nyaoha/Nyaoha_58.jpg,21
pokemon_gen8&9/Nyaoha/Nyaoha_59.jpg,21
pokemon_gen8&9/Nyaoha/Nyaoha_6.jpg,21
pokemon_gen8&9/Nyaoha/Nyaoha_60.jpg,21
pokemon_gen8&9/Nyaoha/Nyaoha_61.jpg,21
pokemon_gen8&9/Nyaoha/Nyaoha_62.jpg,21
pokemon_gen8&9/Nyaoha/Nyaoha_63.jpg,21
pokemon_gen8&9/Nyaoha/Nyaoha_64.jpg,21
pokemon_gen8&9/Nyaoha/Nyaoha_65.jpg,21
pokemon_gen8&9/Nyaoha/Nyaoha_66.jpg,21
pokemon_gen8&9/Nyaoha/Nyaoha_67.jpg,21
pokemon_gen8&9/Nyaoha/Nyaoha_68.jpg,21
pokemon_gen8&9/Nyaoha/Nyaoha_69.jpg,21
pokemon_gen8&9/Nyaoha/Nyaoha_7.jpg,21
pokemon_gen8&9/Nyaoha/Nyaoha_70.jpg,21
pokemon_gen8&9/Nyaoha/Nyaoha_71.jpg,21
pokemon_gen8&9/Nyaoha/Nyaoha_72.jpg,21
pokemon_gen8&9/Nyaoha/Nyaoha_73.jpg,21
pokemon_gen8&9/Nyaoha/Nyaoha_74.jpg,21
pokemon_gen8&9/Nyaoha/Nyaoha_75.jpg,21
pokemon_gen8&9/Nyaoha/Nyaoha_76.jpg,21
pokemon_gen8&9/Pamo/Pamo_0.jpg,22
pokemon_gen8&9/Pamo/Pamo_1.jpg,22
pokemon_gen8&9/Pamo/Pamo_10.jpg,22
pokemon_gen8&9/Pamo/Pamo_100.jpg,22
pokemon_gen8&9/Pamo/Pamo_101.jpg,22
pokemon_gen8&9/Pamo/Pamo_102.jpg,22
pokemon_gen8&9/Pamo/Pamo_11.jpg,22
pokemon_gen8&9/Pamo/Pamo_12.jpg,22
pokemon_gen8&9/Pamo/Pamo_13.jpg,22
pokemon_gen8&9/Pamo/Pamo_14.jpg,22
pokemon_gen8&9/Pamo/Pamo_15.jpg,22
pokemon_gen8&9/Pamo/Pamo_16.jpg,22
pokemon_gen8&9/Pamo/Pamo_17.jpg,22
pokemon_gen8&9/Pamo/Pamo_18.jpg,22
pokemon_gen8&9/Pamo/Pamo_19.jpg,22
pokemon_gen8&9/Pamo/Pamo_2.jpg,22
pokemon_gen8&9/Pamo/Pamo_20.jpg,22
pokemon_gen8&9/Pamo/Pamo_21.jpg,22
pokemon_gen8&9/Pamo/Pamo_22.jpg,22
pokemon_gen8&9/Pamo/Pamo_23.jpg,22
pokemon_gen8&9/Pamo/Pamo_24.jpg,22
pokemon_gen8&9/Pamo/Pamo_25.jpg,22
pokemon_gen8&9/Pamo/Pamo_26.jpg,22
pokemon_gen8&9/Pamo/Pamo_27.jpg,22
pokemon_gen8&9/Pamo/Pamo_28.jpg,22
pokemon_gen8&9/Pamo/Pamo_29.jpg,22
pokemon_gen8&9/Pamo/Pamo_3.jpg,22
pokemon_gen8&9/Pamo/Pamo_30.jpg,22
pokemon_gen8&9/Pamo/Pamo_31.jpg,22
pokemon_gen8&9/Pamo/Pamo_32.jpg,22
pokemon_gen8&9/Pamo/Pamo_33.jpg,22
pokemon_gen8&9/Pamo/Pamo_34.jpg,22
pokemon_gen8&9/Pamo/Pamo_35.jpg,22
pokemon_gen8&9/Pamo/Pamo_36.jpg,22
pokemon_gen8&9/Pamo/Pamo_37.jpg,22
pokemon_gen8&9/Pamo/Pamo_38.jpg,22
pokemon_gen8&9/Pamo/Pamo_39.jpg,22
pokemon_gen8&9/Pamo/Pamo_4.jpg,22
pokemon_gen8&9/Pamo/Pamo_40.jpg,22
pokemon_gen8&9/Pamo/Pamo_41.jpg,22
pokemon_gen8&9/Pamo/Pamo_42.jpg,22
pokemon_gen8&9/Pamo/Pamo_43.jpg,22
pokemon_gen8&9/Pamo/Pamo_44.jpg,22
pokemon_gen8&9/Pamo/Pamo_45.jpg,22
pokemon_gen8&9/Pamo/Pamo_46.jpg,22
pokemon_gen8&9/Pamo/Pamo_47.jpg,22
pokemon_gen8&9/Pamo/Pamo_48.jpg,22
pokemon_gen8&9/Pamo/Pamo_49.jpg,22
pokemon_gen8&9/Pamo/Pamo_5.jpg,22
pokemon_gen8&9/Pamo/Pamo_50.jpg,22
pokemon_gen8&9/Pamo/Pamo_51.jpg,22
pokemon_gen8&9/Pamo/Pamo_52.jpg,22
pokemon_gen8&9/Pamo/Pamo_53.jpg,22
pokemon_gen8&9/Pamo/Pamo_54.jpg,22
pokemon_gen8&9/Pamo/Pamo_55.jpg,22
pokemon_gen8&9/Pamo/Pamo_56.jpg,22
pokemon_gen8&9/Pamo/Pamo_57.jpg,22
pokemon_gen8&9/Pamo/Pamo_58.jpg,22
pokemon_gen8&9/Pamo/Pamo_59.jpg,22
pokemon_gen8&9/Pamo/Pamo_6.jpg,22
pokemon_gen8&9/Pamo/Pamo_60.jpg,22
pokemon_gen8&9/Pamo/Pamo_61.jpg,22
pokemon_gen8&9/Pamo/Pamo_62.jpg,22
pokemon_gen8&9/Pamo/Pamo_63.jpg,22
pokemon_gen8&9/Pamo/Pamo_64.jpg,22
pokemon_gen8&9/Pamo/Pamo_65.jpg,22
pokemon_gen8&9/Pamo/Pamo_66.jpg,22
pokemon_gen8&9/Pamo/Pamo_67.jpg,22
pokemon_gen8&9/Pamo/Pamo_68.jpg,22
pokemon_gen8&9/Pamo/Pamo_69.jpg,22
pokemon_gen8&9/Pamo/Pamo_7.jpg,22
pokemon_gen8&9/Pamo/Pamo_70.jpg,22
pokemon_gen8&9/Pamo/Pamo_71.jpg,22
pokemon_gen8&9/Pamo/Pamo_72.jpg,22
pokemon_gen8&9/Pamo/Pamo_73.jpg,22
pokemon_gen8&9/Pamo/Pamo_74.jpg,22
pokemon_gen8&9/Pamo/Pamo_75.jpg,22
pokemon_gen8&9/Pamo/Pamo_76.jpg,22
pokemon_gen8&9/Pamo/Pamo_77.jpg,22
pokemon_gen8&9/Pamo/Pamo_78.jpg,22
pokemon_gen8&9/Pamo/Pamo_8.jpg,22
pokemon_gen8&9/Pupimocchi/Pupimocchi_0.jpg,23
pokemon_gen8&9/Pupimocchi/Pupimocchi_1.jpg,23
pokemon_gen8&9/Pupimocchi/Pupimocchi_10.jpg,23
pokemon_gen8&9/Pupimocchi/Pupimocchi_11.jpg,23
pokemon_gen8&9/Pupimocchi/Pupimocchi_12.jpg,23
pokemon_gen8&9/Pupimocchi/Pupimocchi_13.jpg,23
pokemon_gen8&9/Pupimocchi/Pupimocchi_14.jpg,23
pokemon_gen8&9/Pupimocchi/Pupimocchi_15.jpg,23
pokemon_gen8&9/Pupimocchi/Pupimocchi_16.jpg,23
pokemon_gen8&9/Pupimocchi/Pupimocchi_17.jpg,23
pokemon_gen8&9/Pupimocchi/Pupimocchi_18.jpg,23
pokemon_gen8&9/Pupimocchi/Pupimocchi_19.jpg,23
pokemon_gen8&9/Pupimocchi/Pupimocchi_2.jpg,23
pokemon_gen8&9/Pupimocchi/Pupimocchi_20.jpg,23
pokemon_gen8&9/Pupimocchi/Pupimocchi_21.jpg,23
pokemon_gen8&9/Pupimocchi/Pupimocchi_3.jpg,23
pokemon_gen8&9/Pupimocchi/Pupimocchi_4.jpg,23
pokemon_gen8&9/Sarunori/Sarunori_0.jpg,24
pokemon_gen8&9/Sarunori/Sarunori_1.jpg,24
pokemon_gen8&9/Sarunori/Sarunori_10.jpg,24
pokemon_gen8&9/Sarunori/Sarunori_11.jpg,24
pokemon_gen8&9/Sarunori/Sarunori_12.jpg,24
pokemon_gen8&9/Sarunori/Sarunori_13.jpg,24
pokemon_gen8&9/Sarunori/Sarunori_14.jpg,24
pokemon_gen8&9/Sarunori/Sarunori_15.jpg,24
pokemon_gen8&9/Sarunori/Sarunori_16.jpg,24
pokemon_gen8&9/Sarunori/Sarunori_17.jpg,24
pokemon_gen8&9/Sarunori/Sarunori_18.jpg,24
pokemon_gen8&9/Sarunori/Sarunori_19.jpg,24
pokemon_gen8&9/Sarunori/Sarunori_2.jpg,24
pokemon_gen8&9/Sarunori/Sarunori_20.jpg,24
pokemon_gen8&9/Sarunori/Sarunori_21.jpg,24
pokemon_gen8&9/Sarunori/Sarunori_22.jpg,24
pokemon_gen8&9/Sarunori/Sarunori_23.jpg,24
pokemon_gen8&9/Sarunori/Sarunori_24.jpg,24
pokemon_gen8&9/Sarunori/Sarunori_25.jpg,24
pokemon_gen8&9/Sarunori/Sarunori_26.jpg,24
pokemon_gen8&9/Sarunori/Sarunori_27.jpg,24
pokemon_gen8&9/Sarunori/Sarunori_28.jpg,24
pokemon_gen8&9/Sarunori/Sarunori_29.jpg,24
pokemon_gen8&9/Sarunori/Sarunori_3.jpg,24
pokemon_gen8&9/Sarunori/Sarunori_30.jpg,24
pokemon_gen8&9/Sarunori/Sarunori_31.jpg,24
pokemon_gen8&9/Sarunori/Sarunori_32.jpg,24
pokemon_gen8&9/Sarunori/Sarunori_33.jpg,24
pokemon_gen8&9/Sarunori/Sarunori_34.jpg,24
pokemon_gen8&9/Sarunori/Sarunori_35.jpg,24
pokemon_gen8&9/Sarunori/Sarunori_36.jpg,24
pokemon_gen8&9/Sarunori/Sarunori_37.jpg,24
pokemon_gen8&9/Sarunori/Sarunori_38.jpg,24
pokemon_gen8&9/Sarunori/Sarunori_39.jpg,24
pokemon_gen8&9/Sarunori/Sarunori_4.jpg,24
pokemon_gen8&9/Sarunori/Sarunori_40.jpg,24
pokemon_gen8&9/Sarunori/Sarunori_41.jpg,24
pokemon_gen8&9/Sarunori/Sarunori_42.jpg,24
pokemon_gen8&9/Sarunori/Sarunori_43.jpg,24
pokemon_gen8&9/Sarunori/Sarunori_44.jpg,24
pokemon_gen8&9/Sarunori/Sarunori_45.jpg,24
pokemon_gen8&9/Sarunori/Sarunori_46.jpg,24
pokemon_gen8&9/Sarunori/Sarunori_47.jpg,24
pokemon_gen8&9/Sarunori/Sarunori_48.jpg,24
pokemon_gen8&9/Sarunori/Sarunori_49.jpg,24
pokemon_gen8&9/Sarunori/Sarunori_5.jpg,24
pokemon_gen8&9/Sarunori/Sarunori_50.jpg,24
pokemon_gen8&9/Sarunori/Sarunori_51.jpg,24
pokemon_gen8&9/Sarunori/Sarunori_52.jpg,24
pokemon_gen8&9/Sarunori/Sarunori_53.jpg,24
pokemon_gen8&9/Sarunori/Sarunori_54.jpg,24
pokemon_gen8&9/Sarunori/Sarunori_55.jpg,24
pokemon_gen8&9/Sarunori/Sarunori_56.jpg,24
pokemon_gen8&9/Sarunori/Sarunori_57.jpg,24
pokemon_gen8&9/Sarunori/Sarunori_58.jpg,24
pokemon_gen8&9/Sarunori/Sarunori_59.jpg,24
pokemon_gen8&9/Sarunori/Sarunori_6.jpg,24
pokemon_gen8&9/Sarunori/Sarunori_60.jpg,24
pokemon_gen8&9/Sarunori/Sarunori_61.jpg,24
pokemon_gen8&9/Sarunori/Sarunori_62.jpg,24
pokemon_gen8&9/Sarunori/Sarunori_63.jpg,24
pokemon_gen8&9/Sarunori/Sarunori_64.jpg,24
pokemon_gen8&9/Sarunori/Sarunori_65.jpg,24
pokemon_gen8&9/Sarunori/Sarunori_66.jpg,24
pokemon_gen8&9/Sarunori/Sarunori_67.jpg,24
pokemon_gen8&9/Sarunori/Sarunori_68.jpg,24
pokemon_gen8&9/Sarunori/Sarunori_69.jpg,24
pokemon_gen8&9/Sarunori/Sarunori_7.jpg,24
pokemon_gen8&9/Sarunori/Sarunori_70.jpg,24
pokemon_gen8&9/Sarunori/Sarunori_71.jpg,24
pokemon_gen8&9/Sarunori/Sarunori_72.jpg,24
pokemon_gen8&9/Sarunori/Sarunori_73.jpg,24
pokemon_gen8&9/Sarunori/Sarunori_74.jpg,24
pokemon_gen8&9/Sarunori/Sarunori_75.jpg,24
pokemon_gen8&9/Sarunori/Sarunori_76.jpg,24
pokemon_gen8&9/Sarunori/Sarunori_77.jpg,24
pokemon_gen8&9/Sarunori/Sarunori_78.jpg,24
pokemon_gen8&9/Sarunori/Sarunori_79.jpg,24
pokemon_gen8&9/Sarunori/Sarunori_8.jpg,24
pokemon_gen8&9/Sarunori/Sarunori_80.jpg,24
pokemon_gen8&9/Sobureizu/Sobureizu_0.jpg,25
pokemon_gen8&9/Sobureizu/Sobureizu_1.jpg,25
pokemon_gen8&9/Sobureizu/Sobureizu_10.jpg,25
pokemon_gen8&9/Sobureizu/Sobureizu_100.jpg,25
pokemon_gen8&9/Sobureizu/Sobureizu_101.jpg,25
pokemon_gen8&9/Sobureizu/Sobureizu_102.jpg,25
pokemon_gen8&9/Sobureizu/Sobureizu_11.jpg,25
pokemon_gen8&9/Sobureizu/Sobureizu_12.jpg,25
pokemon_gen8&9/Sobureizu/Sobureizu_13.jpg,25
pokemon_gen8&9/Sobureizu/Sobureizu_14.jpg,25
pokemon_gen8&9/Sobureizu/Sobureizu_15.jpg,25
pokemon_gen8&9/Sobureizu/Sobureizu_16.jpg,25
pokemon_gen8&9/Sobureizu/Sobureizu_17.jpg,25
pokemon_gen8&9/Sobureizu/Sobureizu_18.jpg,25
pokemon_gen8&9/Sobureizu/Sobureizu_19.jpg,25
pokemon_gen8&9/Sobureizu/Sobureizu_2.jpg,25
pokemon_gen8&9/Sobureizu/Sobureizu_20.jpg,25
pokemon_gen8&9/Sobureizu/Sobureizu_21.jpg,25
pokemon_gen8&9/Sobureizu/Sobureizu_22.jpg,25
pokemon_gen8&9/Sobureizu/Sobureizu_23.jpg,25
pokemon_gen8&9/Sobureizu/Sobureizu_24.jpg,25
pokemon_gen8&9/Sobureizu/Sobureizu_25.jpg,25
pokemon_gen8&9/Sobureizu/Sobureizu_26.jpg,25
pokemon_gen8&9/Sobureizu/Sobureizu_27.jpg,25
pokemon_gen8&9/Sobureizu/Sobureizu_28.jpg,25
pokemon_gen8&9/Sobureizu/Sobureizu_29.jpg,25
pokemon_gen8&9/Sobureizu/Sobureizu_3.jpg,25
pokemon_gen8&9/Sobureizu/Sobureizu_30.jpg,25
pokemon_gen8&9/Sobureizu/Sobureizu_31.jpg,25
pokemon_gen8&9/Sobureizu/Sobureizu_32.jpg,25
pokemon_gen8&9/Sobureizu/Sobureizu_33.jpg,25
pokemon_gen8&9/Sobureizu/Sobureizu_34.jpg,25
pokemon_gen8&9/Sobureizu/Sobureizu_35.jpg,25
pokemon_gen8&9/Sobureizu/Sobureizu_36.jpg,25
pokemon_gen8&9/Sobureizu/Sobureizu_37.jpg,25
pokemon_gen8&9/Sobureizu/Sobureizu_38.jpg,25
pokemon_gen8&9/Sobureizu/Sobureizu_39.jpg,25
pokemon_gen8&9/Sobureizu/Sobureizu_4.jpg,25
pokemon_gen8&9/Sobureizu/Sobureizu_40.jpg,25
pokemon_gen8&9/Sobureizu/Sobureizu_41.jpg,25
pokemon_gen8&9/Sobureizu/Sobureizu_42.jpg,25
pokemon_gen8&9/Sobureizu/Sobureizu_43.jpg,25
pokemon_gen8&9/Sobureizu/Sobureizu_44.jpg,25
pokemon_gen8&9/Sobureizu/Sobureizu_45.jpg,25
pokemon_gen8&9/Sobureizu/Sobureizu_46.jpg,25
pokemon_gen8&9/Sobureizu/Sobureizu_47.jpg,25
pokemon_gen8&9/Sobureizu/Sobureizu_48.jpg,25
pokemon_gen8&9/Sobureizu/Sobureizu_49.jpg,25
pokemon_gen8&9/Sobureizu/Sobureizu_5.jpg,25
pokemon_gen8&9/Sobureizu/Sobureizu_50.jpg,25
pokemon_gen8&9/Sobureizu/Sobureizu_51.jpg,25
pokemon_gen8&9/Sobureizu/Sobureizu_52.jpg,25
pokemon_gen8&9/Sobureizu/Sobureizu_53.jpg,25
pokemon_gen8&9/Sobureizu/Sobureizu_54.jpg,25
pokemon_gen8&9/Sobureizu/Sobureizu_55.jpg,25
pokemon_gen8&9/Sobureizu/Sobureizu_56.jpg,25
pokemon_gen8&9/Sobureizu/Sobureizu_57.jpg,25
pokemon_gen8&9/Sobureizu/Sobureizu_58.jpg,25
pokemon_gen8&9/Sobureizu/Sobureizu_59.jpg,25
pokemon_gen8&9/Sobureizu/Sobureizu_6.jpg,25
pokemon_gen8&9/Sobureizu/Sobureizu_60.jpg,25
pokemon_gen8&9/Sobureizu/Sobureizu_61.jpg,25
pokemon_gen8&9/Sobureizu/Sobureizu_62.jpg,25
pokemon_gen8&9/Sobureizu/Sobureizu_63.jpg,25
pokemon_gen8&9/Sobureizu/Sobureizu_64.jpg,25
pokemon_gen8&9/Sobureizu/Sobureizu_65.jpg,25
pokemon_gen8&9/Sobureizu/Sobureizu_66.jpg,25
pokemon_gen8&9/Sobureizu/Sobureizu_67.jpg,25
pokemon_gen8&9/Sobureizu/Sobureizu_68.jpg,25
pokemon_gen8&9/Sobureizu/Sobureizu_69.jpg,25
pokemon_gen8&9/Sobureizu/Sobureizu_7.jpg,25
pokemon_gen8&9/Sobureizu/Sobureizu_70.jpg,25
pokemon_gen8&9/Sobureizu/Sobureizu_71.jpg,25
pokemon_gen8&9/Sobureizu/Sobureizu_72.jpg,25
pokemon_gen8&9/Sobureizu/Sobureizu_73.jpg,25
pokemon_gen8&9/Sobureizu/Sobureizu_74.jpg,25
pokemon_gen8&9/Sobureizu/Sobureizu_75.jpg,25
pokemon_gen8&9/Sobureizu/Sobureizu_76.jpg,25
pokemon_gen8&9/Sobureizu/Sobureizu_77.jpg,25
pokemon_gen8&9/Sobureizu/Sobureizu_78.jpg,25
pokemon_gen8&9/Sobureizu/Sobureizu_79.jpg,25
pokemon_gen8&9/Sobureizu/Sobureizu_8.jpg,25
pokemon_gen8&9/Terapagosu/Terapagosu_0.jpg,26
pokemon_gen8&9/Terapagosu/Terapagosu_1.jpg,26
pokemon_gen8&9/Terapagosu/Terapagosu_10.jpg,26
pokemon_gen8&9/Terapagosu/Terapagosu_11.jpg,26
pokemon_gen8&9/Terapagosu/Terapagosu_12.jpg,26
pokemon_gen8&9/Terapagosu/Terapagosu_13.jpg,26
pokemon_gen8&9/Terapagosu/Terapagosu_14.jpg,26
pokemon_gen8&9/Terapagosu/Terapagosu_15.jpg,26
pokemon_gen8&9/Terapagosu/Terapagosu_16.jpg,26
pokemon_gen8&9/Terapagosu/Terapagosu_17.jpg,26
pokemon_gen8&9/Terapagosu/Terapagosu_18.jpg,26
pokemon_gen8&9/Terapagosu/Terapagosu_19.jpg,26
pokemon_gen8&9/Terapagosu/Terapagosu_2.jpg,26
pokemon_gen8&9/Terapagosu/Terapagosu_20.jpg,26
pokemon_gen8&9/Terapagosu/Terapagosu_21.jpg,26
pokemon_gen8&9/Terapagosu/Terapagosu_22.jpg,26
pokemon_gen8&9/Terapagosu/Terapagosu_23.jpg,26
pokemon_gen8&9/Terapagosu/Terapagosu_24.jpg,26
pokemon_gen8&9/Terapagosu/Terapagosu_25.jpg,26
pokemon_gen8&9/Terapagosu/Terapagosu_26.jpg,26
pokemon_gen8&9/Terapagosu/Terapagosu_27.jpg,26
pokemon_gen8&9/Terapagosu/Terapagosu_28.jpg,26
pokemon_gen8&9/Terapagosu/Terapagosu_29.jpg,26
pokemon_gen8&9/Terapagosu/Terapagosu_3.jpg,26
pokemon_gen8&9/Terapagosu/Terapagosu_30.jpg,26
pokemon_gen8&9/Terapagosu/Terapagosu_31.jpg,26
pokemon_gen8&9/Terapagosu/Terapagosu_32.jpg,26
pokemon_gen8&9/Terapagosu/Terapagosu_33.jpg,26
pokemon_gen8&9/Terapagosu/Terapagosu_34.jpg,26
pokemon_gen8&9/Terapagosu/Terapagosu_35.jpg,26
pokemon_gen8&9/Terapagosu/Terapagosu_36.jpg,26
pokemon_gen8&9/Terapagosu/Terapagosu_37.jpg,26
pokemon_gen8&9/Terapagosu/Terapagosu_38.jpg,26
pokemon_gen8&9/Terapagosu/Terapagosu_39.jpg,26
pokemon_gen8&9/Terapagosu/Terapagosu_4.jpg,26
pokemon_gen8&9/Terapagosu/Terapagosu_40.jpg,26
pokemon_gen8&9/Terapagosu/Terapagosu_41.jpg,26
pokemon_gen8&9/Terapagosu/Terapagosu_42.jpg,26
pokemon_gen8&9/Terapagosu/Terapagosu_43.jpg,26
pokemon_gen8&9/Terapagosu/Terapagosu_44.jpg,26
pokemon_gen8&9/Terapagosu/Terapagosu_45.jpg,26
pokemon_gen8&9/Terapagosu/Terapagosu_46.jpg,26
pokemon_gen8&9/Terapagosu/Terapagosu_47.jpg,26
pokemon_gen8&9/Terapagosu/Terapagosu_48.jpg,26
pokemon_gen8&9/Terapagosu/Terapagosu_49.jpg,26
pokemon_gen8&9/Terapagosu/Terapagosu_5.jpg,26
pokemon_gen8&9/Terapagosu/Terapagosu_50.jpg,26
pokemon_gen8&9/Terapagosu/Terapagosu_51.jpg,26
pokemon_gen8&9/Terapagosu/Terapagosu_52.jpg,26
pokemon_gen8&9/Terapagosu/Terapagosu_53.jpg,26
pokemon_gen8&9/Terapagosu/Terapagosu_54.jpg,26
pokemon_gen8&9/Terapagosu/Terapagosu_55.jpg,26
pokemon_gen8&9/Terapagosu/Terapagosu_56.jpg,26
pokemon_gen8&9/Terapagosu/Terapagosu_57.jpg,26
pokemon_gen8&9/Terapagosu/Terapagosu_58.jpg,26
pokemon_gen8&9/Terapagosu/Terapagosu_59.jpg,26
pokemon_gen8&9/Terapagosu/Terapagosu_6.jpg,26
pokemon_gen8&9/Terapagosu/Terapagosu_60.jpg,26
pokemon_gen8&9/Terapagosu/Terapagosu_61.jpg,26
pokemon_gen8&9/Terapagosu/Terapagosu_62.jpg,26
pokemon_gen8&9/Terapagosu/Terapagosu_63.jpg,26
pokemon_gen8&9/Terapagosu/Terapagosu_64.jpg,26
pokemon_gen8&9/Terapagosu/Terapagosu_65.jpg,26
pokemon_gen8&9/Terapagosu/Terapagosu_66.jpg,26
pokemon_gen8&9/Terapagosu/Terapagosu_67.jpg,26
pokemon_gen8&9/Terapagosu/Terapagosu_68.jpg,26
pokemon_gen8&9/Terapagosu/Terapagosu_69.jpg,26
pokemon_gen8&9/Terapagosu/Terapagosu_7.jpg,26
pokemon_gen8&9/Terapagosu/Terapagosu_70.jpg,26
pokemon_gen8&9/Terapagosu/Terapagosu_71.jpg,26
pokemon_gen8&9/Terapagosu/Terapagosu_72.jpg,26
pokemon_gen8&9/Terapagosu/Terapagosu_73.jpg,26
pokemon_gen8&9/Terapagosu/Terapagosu_74.jpg,26
pokemon_gen8&9/Terapagosu/Terapagosu_75.jpg,26
pokemon_gen8&9/Terapagosu/Terapagosu_76.jpg,26
pokemon_gen8&9/Terapagosu/Terapagosu_77.jpg,26
pokemon_gen8&9/Terapagosu/Terapagosu_78.jpg,26
pokemon_gen8&9/Terapagosu/Terapagosu_79.jpg,26
pokemon_gen8&9/Terapagosu/Terapagosu_8.jpg,26
pokemon_gen8&9/Terapagosu/Terapagosu_80.jpg,26
pokemon_gen8&9/Umidiguda/Umidiguda_0.jpg,27
pokemon_gen8&9/Umidiguda/Umidiguda_1.jpg,27
pokemon_gen8&9/Umidiguda/Umidiguda_10.jpg,27
pokemon_gen8&9/Umidiguda/Umidiguda_11.jpg,27
pokemon_gen8&9/Umidiguda/Umidiguda_12.jpg,27
pokemon_gen8&9/Umidiguda/Umidiguda_13.jpg,27
pokemon_gen8&9/Umidiguda/Umidiguda_14.jpg,27
pokemon_gen8&9/Umidiguda/Umidiguda_15.jpg,27
pokemon_gen8&9/Umidiguda/Umidiguda_16.jpg,27
pokemon_gen8&9/Umidiguda/Umidiguda_17.jpg,27
pokemon_gen8&9/Umidiguda/Umidiguda_18.jpg,27
pokemon_gen8&9/Umidiguda/Umidiguda_19.jpg,27
pokemon_gen8&9/Umidiguda/Umidiguda_2.jpg,27
pokemon_gen8&9/Umidiguda/Umidiguda_20.jpg,27
pokemon_gen8&9/Umidiguda/Umidiguda_21.jpg,27
pokemon_gen8&9/Umidiguda/Umidiguda_22.jpg,27
pokemon_gen8&9/Umidiguda/Umidiguda_23.jpg,27
pokemon_gen8&9/Umidiguda/Umidiguda_24.jpg,27
pokemon_gen8&9/Umidiguda/Umidiguda_25.jpg,27
pokemon_gen8&9/Umidiguda/Umidiguda_26.jpg,27
pokemon_gen8&9/Umidiguda/Umidiguda_27.jpg,27
pokemon_gen8&9/Umidiguda/Umidiguda_28.jpg,27
pokemon_gen8&9/Umidiguda/Umidiguda_29.jpg,27
pokemon_gen8&9/Umidiguda/Umidiguda_3.jpg,27
pokemon_gen8&9/Umidiguda/Umidiguda_30.jpg,27
pokemon_gen8&9/Umidiguda/Umidiguda_31.jpg,27
pokemon_gen8&9/Umidiguda/Umidiguda_32.jpg,27
pokemon_gen8&9/Umidiguda/Umidiguda_33.jpg,27
pokemon_gen8&9/Umidiguda/Umidiguda_34.jpg,27
pokemon_gen8&9/Umidiguda/Umidiguda_35.jpg,27
pokemon_gen8&9/Umidiguda/Umidiguda_36.jpg,27
pokemon_gen8&9/Umidiguda/Umidiguda_37.jpg,27
pokemon_gen8&9/Umidiguda/Umidiguda_38.jpg,27
pokemon_gen8&9/Umidiguda/Umidiguda_39.jpg,27
pokemon_gen8&9/Umidiguda/Umidiguda_4.jpg,27
pokemon_gen8&9/Umidiguda/Umidiguda_40.jpg,27
pokemon_gen8&9/Umidiguda/Umidiguda_41.jpg,27
pokemon_gen8&9/Umidiguda/Umidiguda_42.jpg,27
pokemon_gen8&9/Umidiguda/Umidiguda_43.jpg,27
pokemon_gen8&9/Umidiguda/Umidiguda_44.jpg,27
pokemon_gen8&9/Umidiguda/Umidiguda_45.jpg,27
pokemon_gen8&9/Umidiguda/Umidiguda_46.jpg,27
pokemon_gen8&9/Umidiguda/Umidiguda_47.jpg,27
pokemon_gen8&9/Umidiguda/Umidiguda_48.jpg,27
pokemon_gen8&9/Umidiguda/Umidiguda_49.jpg,27
pokemon_gen8&9/Umidiguda/Umidiguda_5.jpg,27
pokemon_gen8&9/Umidiguda/Umidiguda_50.jpg,27
pokemon_gen8&9/Umidiguda/Umidiguda_51.jpg,27
pokemon_gen8&9/Umidiguda/Umidiguda_52.jpg,27
pokemon_gen8&9/Umidiguda/Umidiguda_53.jpg,27
pokemon_gen8&9/Umidiguda/Umidiguda_54.jpg,27
pokemon_gen8&9/Umidiguda/Umidiguda_55.jpg,27
pokemon_gen8&9/Umidiguda/Umidiguda_56.jpg,27
pokemon_gen8&9/Umidiguda/Umidiguda_57.jpg,27
pokemon_gen8&9/Umidiguda/Umidiguda_58.jpg,27
pokemon_gen8&9/Umidiguda/Umidiguda_59.jpg,27
pokemon_gen8&9/Umidiguda/Umidiguda_6.jpg,27
pokemon_gen8&9/Umidiguda/Umidiguda_60.jpg,27
pokemon_gen8&9/Umidiguda/Umidiguda_61.jpg,27
pokemon_gen8&9/Umidiguda/Umidiguda_62.jpg,27
pokemon_gen8&9/Umidiguda/Umidiguda_63.jpg,27
pokemon_gen8&9/Umidiguda/Umidiguda_64.jpg,27
pokemon_gen8&9/Umidiguda/Umidiguda_65.jpg,27
pokemon_gen8&9/Umidiguda/Umidiguda_66.jpg,27
pokemon_gen8&9/Umidiguda/Umidiguda_67.jpg,27
pokemon_gen8&9/Wanpachi/Wanpachi_0.jpg,28
pokemon_gen8&9/Wanpachi/Wanpachi_1.jpg,28
pokemon_gen8&9/Wanpachi/Wanpachi_10.jpg,28
pokemon_gen8&9/Wanpachi/Wanpachi_11.jpg,28
pokemon_gen8&9/Wanpachi/Wanpachi_12.jpg,28
pokemon_gen8&9/Wanpachi/Wanpachi_13.jpg,28
pokemon_gen8&9/Wanpachi/Wanpachi_14.jpg,28
pokemon_gen8&9/Wanpachi/Wanpachi_15.jpg,28
pokemon_gen8&9/Wanpachi/Wanpachi_16.jpg,28
pokemon_gen8&9/Wanpachi/Wanpachi_17.jpg,28
pokemon_gen8&9/Wanpachi/Wanpachi_18.jpg,28
pokemon_gen8&9/Wanpachi/Wanpachi_19.jpg,28
pokemon_gen8&9/Wanpachi/Wanpachi_2.jpg,28
pokemon_gen8&9/Wanpachi/Wanpachi_20.jpg,28
pokemon_gen8&9/Wanpachi/Wanpachi_21.jpg,28
pokemon_gen8&9/Wanpachi/Wanpachi_22.jpg,28
pokemon_gen8&9/Wanpachi/Wanpachi_23.jpg,28
pokemon_gen8&9/Wanpachi/Wanpachi_24.jpg,28
pokemon_gen8&9/Wanpachi/Wanpachi_25.jpg,28
pokemon_gen8&9/Wanpachi/Wanpachi_26.jpg,28
pokemon_gen8&9/Wanpachi/Wanpachi_27.jpg,28
pokemon_gen8&9/Wanpachi/Wanpachi_28.jpg,28
pokemon_gen8&9/Wanpachi/Wanpachi_29.jpg,28
pokemon_gen8&9/Wanpachi/Wanpachi_3.jpg,28
pokemon_gen8&9/Wanpachi/Wanpachi_30.jpg,28
pokemon_gen8&9/Wanpachi/Wanpachi_31.jpg,28
pokemon_gen8&9/Wanpachi/Wanpachi_32.jpg,28
pokemon_gen8&9/Wanpachi/Wanpachi_33.jpg,28
pokemon_gen8&9/Wanpachi/Wanpachi_34.jpg,28
pokemon_gen8&9/Wanpachi/Wanpachi_35.jpg,28
pokemon_gen8&9/Wanpachi/Wanpachi_36.jpg,28
pokemon_gen8&9/Wanpachi/Wanpachi_37.jpg,28
pokemon_gen8&9/Wanpachi/Wanpachi_38.jpg,28
pokemon_gen8&9/Wanpachi/Wanpachi_39.jpg,28
pokemon_gen8&9/Wanpachi/Wanpachi_4.jpg,28
pokemon_gen8&9/Wanpachi/Wanpachi_40.jpg,28
pokemon_gen8&9/Wanpachi/Wanpachi_41.jpg,28
pokemon_gen8&9/Wanpachi/Wanpachi_42.jpg,28
pokemon_gen8&9/Wanpachi/Wanpachi_43.jpg,28
pokemon_gen8&9/Wanpachi/Wanpachi_44.jpg,28
pokemon_gen8&9/Wanpachi/Wanpachi_45.jpg,28
pokemon_gen8&9/Wanpachi/Wanpachi_46.jpg,28
pokemon_gen8&9/Wanpachi/Wanpachi_47.jpg,28
pokemon_gen8&9/Wanpachi/Wanpachi_48.jpg,28
pokemon_gen8&9/Wanpachi/Wanpachi_49.jpg,28
pokemon_gen8&9/Wanpachi/Wanpachi_5.jpg,28
pokemon_gen8&9/Wanpachi/Wanpachi_50.jpg,28
pokemon_gen8&9/Wanpachi/Wanpachi_51.jpg,28
pokemon_gen8&9/Wanpachi/Wanpachi_52.jpg,28
pokemon_gen8&9/Wanpachi/Wanpachi_53.jpg,28
pokemon_gen8&9/Wanpachi/Wanpachi_54.jpg,28
pokemon_gen8&9/Wanpachi/Wanpachi_55.jpg,28
pokemon_gen8&9/Wanpachi/Wanpachi_56.jpg,28
pokemon_gen8&9/Wanpachi/Wanpachi_57.jpg,28
pokemon_gen8&9/Wanpachi/Wanpachi_58.jpg,28
pokemon_gen8&9/Wanpachi/Wanpachi_59.jpg,28
pokemon_gen8&9/Wanpachi/Wanpachi_6.jpg,28
pokemon_gen8&9/Yabacha/Yabacha_0.jpg,29
pokemon_gen8&9/Yabacha/Yabacha_1.jpg,29
pokemon_gen8&9/Yabacha/Yabacha_10.jpg,29
pokemon_gen8&9/Yabacha/Yabacha_11.jpg,29
pokemon_gen8&9/Yabacha/Yabacha_12.jpg,29
pokemon_gen8&9/Yabacha/Yabacha_13.jpg,29
pokemon_gen8&9/Yabacha/Yabacha_14.jpg,29
pokemon_gen8&9/Yabacha/Yabacha_15.jpg,29
pokemon_gen8&9/Yabacha/Yabacha_16.jpg,29
pokemon_gen8&9/Yabacha/Yabacha_17.jpg,29
pokemon_gen8&9/Yabacha/Yabacha_18.jpg,29
pokemon_gen8&9/Yabacha/Yabacha_19.jpg,29
pokemon_gen8&9/Yabacha/Yabacha_2.jpg,29
pokemon_gen8&9/Yabacha/Yabacha_20.jpg,29
pokemon_gen8&9/Yabacha/Yabacha_21.jpg,29
pokemon_gen8&9/Yabacha/Yabacha_22.jpg,29
pokemon_gen8&9/Yabacha/Yabacha_23.jpg,29
pokemon_gen8&9/Yabacha/Yabacha_24.jpg,29
pokemon_gen8&9/Yabacha/Yabacha_25.jpg,29
pokemon_gen8&9/Yabacha/Yabacha_26.jpg,29
pokemon_gen8&9/Yabacha/Yabacha_27.jpg,29
pokemon_gen8&9/Yabacha/Yabacha_28.jpg,29
pokemon_gen8&9/Yabacha/Yabacha_29.jpg,29
pokemon_gen8&9/Yabacha/Yabacha_3.jpg,29
pokemon_gen8&9/Yabacha/Yabacha_30.jpg,29
pokemon_gen8&9/Yabacha/Yabacha_31.jpg,29
pokemon_gen8&9/Yabacha/Yabacha_32.jpg,29
pokemon_gen8&9/Yabacha/Yabacha_33.jpg,29
pokemon_gen8&9/Yabacha/Yabacha_34.jpg,29
pokemon_gen8&9/Yabacha/Yabacha_35.jpg,29
pokemon_gen8&9/Yabacha/Yabacha_36.jpg,29
pokemon_gen8&9/Yabacha/Yabacha_37.jpg,29
pokemon_gen8&9/Yabacha/Yabacha_38.jpg,29
pokemon_gen8&9/Yabacha/Yabacha_39.jpg,29
pokemon_gen8&9/Yabacha/Yabacha_4.jpg,29
pokemon_gen8&9/Yabacha/Yabacha_40.jpg,29
pokemon_gen8&9/Yabacha/Yabacha_41.jpg,29
pokemon_gen8&9/Yabacha/Yabacha_42.jpg,29
pokemon_gen8&9/Yabacha/Yabacha_43.jpg,29
pokemon_gen8&9/Yabacha/Yabacha_44.jpg,29
pokemon_gen8&9/Yabacha/Yabacha_45.jpg,29
pokemon_gen8&9/Yabacha/Yabacha_46.jpg,29
pokemon_gen8&9/Yabacha/Yabacha_47.jpg,29
pokemon_gen8&9/Yabacha/Yabacha_48.jpg,29
pokemon_gen8&9/Yabacha/Yabacha_49.jpg,29
pokemon_gen8&9/Yabacha/Yabacha_5.jpg,29
pokemon_gen8&9/Yabacha/Yabacha_50.jpg,29
pokemon_gen8&9/Yabacha/Yabacha_51.jpg,29
pokemon_gen8&9/Yabacha/Yabacha_52.jpg,29
pokemon_gen8&9/Yabacha/Yabacha_53.jpg,29
pokemon_gen8&9/Yabacha/Yabacha_54.jpg,29
pokemon_gen8&9/Yabacha/Yabacha_55.jpg,29
pokemon_gen8&9/Yabacha/Yabacha_56.jpg,29
pokemon_gen8&9/Yabacha/Yabacha_57.jpg,29
pokemon_gen8&9/Yabacha/Yabacha_58.jpg,29
pokemon_gen8&9/Yabacha/Yabacha_59.jpg,29
pokemon_gen8&9/Yabacha/Yabacha_6.jpg,29
pokemon_gen8&9/Yabacha/Yabacha_60.jpg,29
pokemon_gen8&9/Yabacha/Yabacha_61.jpg,29
pokemon_gen8&9/Yabacha/Yabacha_62.jpg,29
pokemon_gen8&9/Yabacha/Yabacha_63.jpg,29
pokemon_gen8&9/Yabacha/Yabacha_64.jpg,29
pokemon_gen8&9/Yabacha/Yabacha_65.jpg,29
pokemon_gen8&9/Yabacha/Yabacha_66.jpg,29
